,x0,x1,x2,x3,x4,x5,x6,x7,x8,x9,x10,x11,x12,x13,x14,x15,x16,x17,x18,x19y1,y2,y3,k,y1,x19
2015-07-06,38.0,,0,0,0,0,,,,,,,,,,,,,,,1.0910526315789475,0.8873684210526316,,0.9365789473684212,
2015-07-07,37.72,,0,0,0,0,,,,,,,,,,,,,,,1.0890774125132556,0.8870625662778368,,0.9806468716861082,
2015-07-08,36.34,,0,0,0,0,,,,,,,,,,,,,,,1.0828288387451843,0.9279031370390752,,1.0451293340671435,
2015-07-09,35.1,,0,0,0,0,,,,,,,,,,,,,,,1.1037037037037036,0.9373219373219372,,1.105982905982906,
2015-07-10,34.66,,0,0,0,0,,,,,,,,,,,,,,,1.0879976918638201,0.9711482977495672,,1.1373341027120603,
2015-07-13,35.59,,0,0,0,0,,,,,,,,,,,,,,,1.0334363585276762,0.9536386625456588,,1.1649339702163528,
2015-07-14,36.99,,0,0,0,0,-0.2866,,,,,,,,,,,,,,1.0054068667207352,0.9053798323871317,,1.1105704244390375,
2015-07-15,37.98,,0,0,0,0,0.0788,,,,,,,,,,,,,,1.0013164823591365,0.8952080042127436,,1.0360716166403372,
2015-07-16,38.82,,0,0,0,0,0.449,,,,,,,,,,,,,,0.9799072642967542,0.8912931478619269,,0.9979392065945389,
2015-07-17,39.42,,0,0,0,0,0.7148,,,,,,,,,,,,,,0.9928970065956367,0.854388635210553,,0.95662100456621,
2015-07-20,41.46,,0,0,0,0,0.7052,,,,,,,,,,,,,,0.9466956102267245,0.7783405692233478,,0.8871201157742402,
2015-07-21,41.08,,0,0,0,0,0.5982,,,,,,,,,,,,,,0.9715189873417721,0.759493670886076,,0.9053067185978578,
2015-07-22,39.35,,0,0,0,0,0.4388,,,,,,,,,,,,,,1.008894536213469,0.7832274459974586,,0.9664548919949174,
2015-07-23,38.74,,0,0,0,0,0.2434,,,,,,,,,,,,,,1.0229736706246773,0.7955601445534332,,0.9819308208569952,
2015-07-24,37.71,,0,0,0,0,-0.023,0.41356969697,,,,,,,,,,,,,1.0352691593741712,0.873773534871387,,1.03792097586847,
2015-07-27,36.78,,0,0,0,1,-0.5984,0.26903030303,,,,,,,,,,,,,1.0720500271886895,0.894779771615008,,1.0671560630777597,
2015-07-28,37.19,,0,0,0,0,-0.5684,0.159945454545,,,,,,,,,,,,,1.0467867706372682,0.8687819306265127,,1.073137940306534,
2015-07-29,38.03,,0,0,0,0,-0.3692,0.0480181818182,,,,,,,,,,,,,1.013673415724428,0.853010780962398,,1.0439127004996056,
2015-07-30,38.04,,0,0,0,0,-0.1634,-0.0543696969697,,,,,,,,,,,,,1.0094637223974763,0.8330704521556257,,1.0417981072555207,
2015-07-31,39.14,,0,0,0,0,0.0342,-0.129290909091,,,,,,,,,,,,,0.9578436382217681,0.8224322943280531,,0.9974450689831375,
2015-08-03,39.25,,0,0,0,0,0.3646,-0.150684848485,,,,,1.01221100409,,,,1.38692921053,,,,0.9757961783439489,0.8305732484076433,,1.0045859872611465,
2015-08-04,39.91,,0,0,0,0,0.3594,-0.103884848485,,,,,1.02667661359,,,,1.41135894737,,,,0.977198697068404,0.8368829867201203,,0.9754447506890505,
2015-08-05,39.7,,0,0,0,0,0.2858,-0.0429636363636,,,,,1.02011974202,,,,1.44516947368,,,,0.9539042821158689,0.8677581863979849,,0.9710327455919394,
2015-08-06,39.63,,0,0,0,0,0.2142,0.0228121212121,,,,,1.01804636825,,,,1.45849342105,,,,0.929851122886702,0.876860963916225,,0.9689629068887206,
2015-08-07,39.04,,0,0,0,0,0.1338,0.0840666666667,,,,,1.00337972422,,,,1.44601342105,,,,0.9111168032786886,0.8819159836065574,,0.960297131147541,
2015-08-10,39.43,,0,0,0,0,-0.0796,0.168284848485,,,,,1.01923176343,,,,0.805446315789,,,,0.7905148364189704,0.8825767182348465,,0.9713416180573167,
2015-08-11,38.93,,0,0,0,0,-0.1048,0.15363030303,,,,,1.0068537437,,,,0.784910526316,,,,0.9103519136912407,0.8926277934754688,,1.0017980991523248,
2015-08-12,38.55,,0,0,0,0,-0.1126,0.122763636364,,,,,0.997270763539,,,,0.785215526316,,,,0.8741893644617381,0.8931258106355383,,0.9823605706874189,
2015-08-13,38.4,,0,0,0,0,-0.1078,0.0830666666667,0.0648530075188,,,,0.992504523133,,,,0.740347368421,,,,0.8820312499999999,0.93046875,,0.9596354166666667,
2015-08-14,37.49,,0,0,0,1,-0.1578,0.0332727272727,0.0570180451128,,,,0.969259805062,,,,0.765462105263,,,,0.9205121365697518,0.9615897572686049,,0.9487863430248066,
2015-08-17,38.3,,0,0,0,0,-0.2748,-0.103981818182,0.0247503759398,,,,0.988157589205,,,,0.559188421053,,,,0.926892950391645,0.9501305483028721,,0.8138381201044388,
2015-08-18,39.0,,0,0,0,0,-0.155,-0.12376969697,0.0148417293233,,,,1.00496038137,,,,0.531798684211,,,,0.8756410256410256,0.9284615384615384,,0.9087179487179486,
2015-08-19,37.87,,0,0,0,0,-0.0214,-0.133684848485,0.00606879699248,,,,0.97605608392,,,,0.546977894737,,,,0.9136519672564036,0.9170847636651703,,0.8898864536572486,
2015-08-20,36.85,,0,0,0,1,0.0232,-0.143521212121,-0.00194736842105,,,,0.95257790588,,,,0.726983947368,,,,0.950067842605156,0.9671641791044776,,0.9191316146540026,
2015-08-21,35.57,,0,0,0,1,-0.0684,-0.157387878788,-0.00961203007519,,,,0.923752142523,,,,1.19305684211,,,,0.9758223221816137,1.000281135788586,,0.9701996064098959,
2015-08-24,31.17,,0,0,0,0,-0.7144,-0.224181818182,-0.0363838345865,,,,0.826647925424,,,,4.10602394737,,,,1.1167789541225537,1.1886429258902789,,1.1389156239974334,
2015-08-25,35.44,,0,0,0,0,-0.7734,-0.259581818182,-0.0485263157895,,,,0.945230506621,,,,4.11947657895,,,,0.9853273137697518,1.0849322799097068,,0.9636004514672687,
2015-08-26,33.7,,0,0,0,0,-0.6986,-0.300575757576,-0.0625981203008,,,,0.905987041966,,,,4.54409578947,,,,1.0157270029673588,1.1222551928783382,,1.0267062314540059,
2015-08-27,33.87,,0,0,0,0,-0.5328,-0.339321212121,-0.0780605263158,,,,0.916929490911,,,,4.87756078947,,,,0.9822852081488044,1.0803070563920876,,1.033658104517272,
2015-08-28,34.51,,0,0,0,0,-0.313,-0.367006060606,-0.0940962406015,,,,0.940019612116,,,,4.90152210526,,,,0.9765285424514635,1.0460736018545351,,1.0057954216169227,
2015-08-31,35.5,,0,0,0,0,0.1742,-0.356206060606,-0.149689097744,,,,0.984251968504,0.950048840539,,,4.11969052632,4.11875666667,,,0.9498591549295774,1.0304225352112675,,0.9805633802816902,
2015-09-01,34.15,,0,0,0,0,0.197,-0.322133333333,-0.167470676692,,,,0.952633340772,0.916735455381,,,3.93813263158,4.32215839744,,,0.9797950219619327,1.0890190336749634,,1.0225475841874085,
2015-09-02,34.6,,0,0,0,0,0.0912,-0.274521212121,-0.1832,,,,0.97032923888,0.930758056706,,,3.63933263158,4.49087589744,,,0.9745664739884392,1.0387283236994218,,0.9893063583815027,
2015-09-03,35.01,,0,0,0,0,0.1142,-0.212654545455,-0.196315037594,,,,0.985253559971,0.943500464878,,,3.46860421053,4.59891051282,,,0.9397315052842046,1.004855755498429,,0.9502999143101972,
2015-09-04,34.71,,0,0,0,0,0.0546,-0.145309090909,-0.206860150376,,,,0.980646984037,0.937310127864,,,3.28263684211,4.73106435897,,,0.9697493517718235,0.9953903774128492,,0.9709017574186114,
2015-09-08,34.81,,0,0,0,0,0.000600000000001,0.0472545454545,-0.21447406015,,,,1.00290990809,0.947107797791,,,1.19780947368,5.13928102564,,,0.9750071818442975,1.0310255673656994,,0.9686871588623958,
2015-09-09,34.92,,0,0,0,0,0.0254,0.0563151515152,-0.208210150376,,,,1.00888407367,0.952835723154,,,0.949093421053,5.06813615385,,,0.959049255441008,1.0400916380297822,,0.9581901489117983,
2015-09-10,34.23,,0,0,0,0,-0.0142,0.0538484848485,-0.199598496241,,,,0.99086711728,0.937147081169,,,0.903815526316,5.04349173077,,,0.993280747881975,1.0648553900087645,,0.9851007887817704,
2015-09-11,33.27,,0,0,0,1,-0.0818,0.0344363636364,-0.189492481203,,,,0.966294419192,0.914538607438,,,0.92027868421,5.11795794872,,,1.039975954313195,1.0955816050495941,,0.98887886985272,
2015-09-14,33.7,,0,0,0,0,-0.2852,-0.0550484848485,-0.154190225564,,,,0.981548633259,0.938365795592,,,0.398729210526,4.7615874359,,,0.9994065281899109,1.083086053412463,,0.9988130563798218,
2015-09-15,33.72,,0,0,0,0,-0.2436,-0.0792727272727,-0.141995864662,,,,0.982102549913,0.942801423149,,,0.397415526316,4.50840455128,,,0.9569988137603798,1.045373665480427,,1.0065243179122183,
2015-09-16,33.46,,0,0,0,0,-0.1578,-0.0980848484848,-0.129871428571,,,,0.975112199102,0.939195115961,,,0.425867368421,4.34987532051,,,0.9324566646742378,1.0520023909145249,,1.000896592946802,
2015-09-17,33.72,,0,0,0,0,-0.05,-0.1118,-0.117940977444,,,,0.983821791711,0.950039796299,,,0.440773421053,4.12609429487,,,0.9139976275207592,1.0533807829181496,,1.0083036773428233,
2015-09-18,32.9,,0,0,0,1,0.0032,-0.123327272727,-0.107071428571,,,,0.962157103585,0.930963009076,,,0.530467368421,3.95181275641,,,0.9367781155015198,1.0747720364741642,,1.0516717325227964,
2015-09-21,33.66,,0,0,0,0,-0.104,-0.129327272727,-0.0826530075188,,,,0.991195264878,0.964373200395,,,0.568472631579,3.11047974359,,,0.9789067142008321,1.0519904931669637,,1.0005941770647655,
2015-09-22,33.94,,0,0,0,0,-0.0604,-0.11323030303,-0.0760597744361,-0.0970617729831,,,1.00041266285,0.975511611865,,,0.54572,2.8080574359,,,0.9696523276370065,1.0380082498526813,,0.9507955215085446,
2015-09-23,33.49,,0,0,0,0,0.016,-0.0951939393939,-0.0699056390977,-0.101262124765,,,0.989364844904,0.965352242592,,,0.4878,2.65462153846,,,0.964765601672141,1.0510600179157958,,0.9316213795162734,
2015-09-24,34.0,,0,0,0,0,0.1006,-0.0722909090909,-0.0639210526316,-0.105170637899,,,1.0054858123,0.982524075452,,,0.448731315789,2.45835378205,,,0.9541176470588235,1.0111764705882353,,0.9064705882352941,
2015-09-25,34.6,,0,0,0,0,0.1782,-0.0428121212121,-0.0578330827068,-0.108691533771,,,1.02339613712,1.00195468037,,,0.438967368421,2.2395474359,,,0.9158959537572254,1.0320809248554914,,0.8907514450867052,
2015-09-28,33.68,,0,0,0,0,0.1716,0.052896969697,-0.046504887218,-0.115595731707,,,0.998177318732,0.984068779629,,,0.36271868421,1.00027173077,,,0.9557600950118764,1.028206650831354,,0.9783254156769597,
2015-09-29,32.27,,0,0,0,1,0.0194,0.0610303030303,-0.0462894736842,-0.116638555347,,,0.960159481091,0.946036073672,,,0.385104210526,0.908201987179,,,1.010226216299969,1.0966842268360706,,1.0198326619150913,
2015-09-30,31.2,,0,0,0,1,-0.202,0.0470242424242,-0.0477872180451,-0.117175093809,,,0.932526339386,0.91760657618,,,0.646082894737,1.05860282051,,,1.0705128205128205,1.126923076923077,,1.0355769230769232,
2015-10-01,30.82,,0,0,0,0,-0.4514,0.0165757575758,-0.0512146616541,-0.117304760788,,,0.924553772311,0.909607396094,,,0.994563157895,1.24059480769,,,1.117780661907852,1.1404931862426995,,1.0525632706035042,
2015-10-02,30.82,,0,0,1,1,-0.6512,-0.0260606060606,-0.0565605263158,-0.117139985929,,,0.927963869025,0.91280653951,,,1.31145131579,1.39366051282,,,1.1275146009085009,1.1229720960415315,,1.028228423101882,
2015-10-05,32.95,,0,0,0,0,-0.3398,-0.182612121212,-0.0692063909774,-0.115618621013,,,1.0012914989,0.980042235508,,,1.79345131579,1.58948102564,,,1.044916540212443,1.0679817905918056,,0.9769347496206372,
2015-10-06,32.91,,0,0,0,0,-0.0128,-0.2166,-0.0714342105263,-0.114706660413,,,1.00091240876,0.979551745692,,,1.77658947368,1.6002625641,,,1.05742935278031,1.097538742023701,,0.9905803707079917,
2015-10-07,32.31,,0,0,0,0,0.232,-0.238036363636,-0.0731364661654,-0.11365630863,,,0.984775750926,0.963269930237,,,1.75132078947,1.6182574359,,,1.0755184153512845,1.1142061281337046,,1.0337356855462705,
2015-10-08,32.44,,0,0,0,0,0.3496,-0.238018181818,-0.0742353383459,-0.112664540338,,,0.989431625822,0.968640126604,,,1.75751868421,1.62262301282,,,1.06134401972873,1.089704069050555,,1.0619605425400742,
2015-10-09,31.69,,0,0,0,0,0.305,-0.219896969697,-0.0753530075188,-0.11178630394,,,0.968343213347,0.948241683436,,,1.81626736842,1.67396147436,,,1.1274850110444934,1.1110760492268854,,1.0965604291574629,
2015-10-12,32.19,,0,0,0,0,-0.1188,-0.0932424242424,-0.0804992481203,-0.108619090056,,,0.991086685448,0.969498008448,,,1.75533131579,1.65752814103,,,1.1199130164647406,1.1220876048462256,,1.0695868282075178,
2015-10-13,32.6,,0,0,0,0,-0.1244,-0.0401636363636,-0.0815977443609,-0.107115056285,,,1.00508709727,0.98363128913,,,1.70026842105,1.57937307692,,,1.1162576687116563,1.1285276073619632,,1.067484662576687,
2015-10-14,33.4,,0,0,0,0,0.022,0.0132060606061,-0.081557518797,-0.105275586304,,,1.0307051381,1.00876629996,,,1.61942631579,1.51697173077,,,1.0841317365269463,1.1080838323353293,,1.0404191616766467,
2015-10-15,34.45,,0,0,0,0,0.2178,0.0641939393939,-0.0795917293233,-0.10292314728,,,1.06335365383,1.04068331659,,,1.58589342105,1.4973250641,,,1.0081277213352684,1.065312046444122,,0.9994194484760521,
2015-10-16,34.75,,0,0,0,0,0.397,0.11056969697,-0.0754830827068,-0.100078212946,,,1.07236537571,1.04971416057,,,1.62179473684,1.50066096154,,,1.025611510791367,1.0624460431654676,,1.0282014388489207,
2015-10-19,34.43,,0,0,0,0,0.4462,0.196103030303,-0.0515071428571,-0.089342120075,,,1.05697795788,1.04044845353,,,2.04629894737,1.45920282051,,,1.0334011036886437,1.0766773162939298,,1.0470519895440022,
2015-10-20,34.8,,0,0,0,0,0.3072,0.215690909091,-0.040215037594,-0.085231988743,,,1.06246565305,1.05117691036,,,2.17362526316,1.50060455128,,,1.0646551724137931,1.043103448275862,,1.045689655172414,
2015-10-21,34.75,,0,0,0,0,0.1688,0.232872727273,-0.0269921052632,-0.0809092636023,,,1.05461222136,1.04849476884,,,2.145805,1.56783070513,,,1.106474820143885,1.0109352517985613,,1.0420143884892086,
2015-10-22,34.43,,0,0,0,0,0.0494,0.243854545455,-0.0125466165414,-0.0764482645403,,,1.03920799251,1.03793137233,,,1.98782,1.60904044872,,,1.0984606447865235,1.0159744408945686,,1.0087133313970373,
2015-10-23,35.73,,0,0,0,0,0.034,0.25516969697,0.00359436090226,-0.0718270403377,,,1.07051368478,1.07512807204,,,1.99880289474,1.7727250641,,,1.024069409459838,0.9431849986006159,,0.9974811083123427,
2015-10-26,36.05,,0,0,0,0,0.225,0.251884848485,0.0556729323308,-0.0571697467167,,,1.0628574798,1.07937363394,,,2.28437473684,2.25468615385,,,1.0013869625520113,0.9195561719833565,,0.9869625520110957,
2015-10-27,36.39,,0,0,0,0,0.2642,0.235787878788,0.0737432330827,-0.0519927767355,,,1.06646738175,1.08738038143,1.05540973622,,2.42610105263,2.47686096154,4.30038455696,,1.0052212146194008,0.9194833745534488,,1.018136850783182,
2015-10-28,36.21,,0,0,0,0,0.252,0.215006060606,0.0921695488722,-0.0467230534709,,,1.05536206118,1.07933290609,1.05126781418,,2.46925763158,2.65473102564,4.07375618671,,1.0270643468655067,0.911902789284728,,1.0618613642640156,
2015-10-29,34.73,,0,0,0,0,0.1584,0.187109090909,0.109520300752,-0.0415777673546,,,1.00776206021,1.03380786891,1.01002242959,,2.09277763158,2.67759429487,3.75662517405,,1.0348401957961417,0.9602649006622518,,1.0889720702562626,
2015-10-30,35.64,,0,0,0,0,0.0436,0.160466666667,0.12612593985,-0.0364648217636,,,1.02827466821,1.05873703129,1.03772829513,,1.72012631579,2.76773326923,3.51339943038,,0.9870931537598204,0.9337822671156004,,1.02665544332211,
2015-11-02,35.58,,0,0,0,0,-0.0984,0.100703030303,0.163610902256,-0.0213246716698,,,1.0113988459,1.05244475996,1.03884728244,,0.573525263158,3.03839589744,3.00876177215,,0.9710511523327712,0.9035975267003935,,1.0146149522203487,
2015-11-03,37.05,,0,0,0,0,-0.0064,0.0927575757576,0.171719548872,-0.016184380863,,,1.04774967125,1.0934606332,1.08194136199,,0.556139736842,3.30114557692,2.97508506329,,0.9686909581646425,0.8534412955465588,,0.987314439946019,
2015-11-04,38.45,,0,0,0,0,0.1838,0.0959515151515,0.178121052632,-0.0108344746717,,,1.08122548261,1.13156461984,1.12243110696,,0.972350263158,3.81322025641,3.06549518987,,0.9446033810143042,0.8520156046814044,,0.9672301690507151,
2015-11-05,37.82,,0,0,0,0,0.3698,0.103490909091,0.18207593985,-0.00544207317073,,,1.05893882122,1.11039342337,1.10423357664,,1.18135263158,4.17489230769,3.01923291139,,0.9637757800105765,0.831041776837652,,0.9502908514013748,
2015-11-06,36.59,,0,0,0,0,0.4302,0.108509090909,0.182486090226,-0.000219441838649,,,1.02186723266,1.0727138135,1.06926164985,,1.16372736842,4.3290025,2.80202403481,,0.9961738179830555,0.8638972396829734,,0.9614648811150587,
2015-11-09,36.1,,0,0,0,0,-0.023,0.116618181818,0.169659774436,0.0150820121951,,,1.00077622533,1.04902217185,1.05533183755,,0.946890526316,4.34310358974,2.70953411392,,1.0110803324099722,0.8767313019390581,,0.9570637119113572,
2015-11-10,36.58,,0,0,0,0,-0.1778,0.114163636364,0.163238721805,0.0201591463415,,,1.01151713745,1.05854096131,1.06896942201,,0.859676578947,4.11122666667,2.75713036392,,0.9636413340623292,0.8742482230727174,,0.9811372334609076,
2015-11-11,37.19,,0,0,0,0,-0.2098,0.115248484848,0.156807518797,0.0252356707317,,,1.02447557263,1.07125625608,1.08615257684,,0.736929210526,3.90489583333,2.84530757911,,0.946490992202205,0.8467329927399839,,0.976606614681366,
2015-11-12,35.94,,0,0,0,1,-0.1584,0.103903030303,0.149634962406,0.0305681754221,,,0.989755452743,1.03144708237,1.04782104826,,0.726501052632,3.53724044872,2.75897208861,,0.9883138564273791,0.889259877573734,,1.0141903171953257,
2015-11-13,35.18,,0,0,0,1,-0.109,0.0771454545455,0.141531578947,0.0356509146341,,,0.969560004961,1.00648723652,1.02576064613,,0.775320789474,3.11269942308,2.75231164557,,1.0051165434906197,0.9559408754974418,,1.0361000568504832,
2015-11-16,34.55,,0,0,0,1,-0.3012,-0.0509757575758,0.105278947368,0.0499829502814,,,0.956494054787,0.983720913679,1.00635342521,,1.014445,2.70129173077,2.76423568038,,1.0248914616497828,0.9982633863965269,,1.05643994211288,
2015-11-17,35.89,,0,0,0,0,-0.2812,-0.0965090909091,0.0912736842105,0.054343902439,,,0.994031380261,1.01937059759,1.0448592213,,1.01658394737,2.52439076923,2.79426378165,,0.9816104764558372,0.9933129005293954,,0.9821677347450544,
2015-11-18,36.32,,0,0,0,0,-0.1718,-0.12463030303,0.078104887218,0.0585348968105,,,1.00373082769,1.02820340423,1.05668172264,,0.912773684211,2.22501378205,2.84258677215,,0.9691629955947137,1.0057819383259912,,0.9691629955947137,
2015-11-19,36.45,,0,0,0,0,0.0106,-0.138709090909,0.0660428571429,0.0624376876173,,,1.00619729196,1.02841907019,1.06009764823,,0.899110263158,1.90444608974,2.88100314873,,0.9432098765432099,1.0115226337448557,,0.974485596707819,
2015-11-20,36.45,,0,0,0,0,0.1934,-0.13803030303,0.0553236842105,0.0661418855535,,,1.00507362268,1.02497767967,1.05921198406,,0.881993684211,1.55483019231,2.93352466772,,0.9796982167352537,1.0057613168724278,,0.9700960219478737,
2015-11-23,36.5,,0,0,0,0,0.2056,-0.0408787878788,0.0295556390977,0.0754156425891,,,1.00488677817,1.01835835054,1.05871134525,,0.807335526316,0.901057435898,3.08363213608,,0.9487671232876713,1.0180821917808218,,0.9701369863013698,
2015-11-24,35.25,,-2.6698928448,0,0,0,0.0724,-0.00932121212121,0.021230075188,0.0777054878049,,,0.974766678189,0.982934582567,1.02225396123,,0.602703947368,0.85994974359,3.09047783228,,1.0039716312056737,0.9645390070921985,,0.9994326241134751,
2015-11-25,35.2,,-1.69372384937,0,0,0,-0.0888,0.00992121212121,0.0125530075188,0.0795227485929,,,0.976922970179,0.981232533991,1.02062266681,,0.488802894737,0.839350705128,3.09629968354,,0.9988636363636362,0.9318181818181817,,1.0,
2015-11-27,35.52,,0,0,0,0,-0.2352,0.0242060606061,-0.00437819548872,0.0817514774859,,,0.989180834621,0.989311701424,1.02945332029,,0.490202894737,0.788516346154,3.11401107595,,0.9895833333333333,0.9465090090090088,,0.9679054054054054,
2015-11-30,35.36,,0,0,0,0,-0.0734,-0.00391515151515,-0.023687593985,0.0818316604128,,,0.988676079966,0.983198593047,1.02334061672,,0.450142105263,0.678835320513,3.12452177215,,0.978789592760181,0.9083710407239819,,1.0098981900452488,
2015-12-01,35.41,,0,0,0,0,-0.005,-0.0277333333333,-0.0277082706767,0.0811692776735,,,0.992544007176,0.983918585669,1.02399491039,,0.341562105263,0.625739423077,3.11223031646,,0.9937870658006214,0.9593335216040667,,0.9779723242022029,
2015-12-02,35.23,,0.92085924251,0,0,0,0.0214,-0.0527939393939,-0.0311296992481,0.0801691838649,,,0.988482204234,0.979257148813,1.01806832877,,0.347036578947,0.638624038462,3.09523537975,,1.0252625603179109,0.9835367584445076,,1.0045415838773772,
2015-12-03,35.2,,1.25155807365,0,0,0,-0.0112,-0.0720363636364,-0.0339612781955,0.0788011726079,,,0.987612754794,0.978783749965,1.01665054082,,0.346087105263,0.65233948718,3.08900278481,,1.0227272727272727,1.0221590909090907,,0.9988636363636362,
2015-12-04,34.38,,1.95521323634,1,1,0,-0.0738,-0.0882727272727,-0.0368315789474,0.0770003283302,,,0.965689647908,0.956880536053,0.992730659005,,0.416950263158,0.71403275641,3.07935132911,,1.028214077952298,1.0590459569517159,,1.0223967422920301,
2015-12-07,35.71,,0,0,0,0,-0.147,-0.0963272727273,-0.0469736842105,0.0694656894934,,,1.00467026784,0.996796907166,1.02950344693,,0.499225263158,0.81931275641,3.02675935127,,0.9859983197983758,1.008120974516942,,0.9691963035564267,
2015-12-08,34.63,,2.8002875629,0,0,0,-0.095,-0.0890242424242,-0.0493439849624,0.0664476313321,,,0.97660711516,0.966717612657,0.997745492786,,0.503983947368,0.825176858974,2.98592094937,,1.0430262777938202,1.052555587640774,,1.016170950043315,
2015-12-09,35.39,,0,0,0,0,-0.0062,-0.0779757575758,-0.0507409774436,0.0632521575985,,,0.999533983873,0.98810587447,1.018728748,,0.449645,0.829075897436,2.94943378165,,1.0395591975134217,1.0093246679853065,,1.020627295846284,
2015-12-10,35.16,,0,0,0,0,0.0768,-0.0656,-0.0511883458647,0.0597991791745,,,0.994850319733,0.982013182885,1.01156204485,,0.391153684211,0.839168205128,2.93656985759,,1.0526166097838454,1.0017064846416384,,1.0238907849829353,
2015-12-11,35.15,,0,0,0,0,0.1154,-0.0529696969697,-0.0505353383459,0.0560723968105,-0.0223513639827,,0.996399920628,0.982069890408,1.01083447765,,0.324032631579,0.849291730769,2.92980955696,,1.0440967283072546,1.0432432432432432,,1.0056899004267426,
2015-12-14,34.61,,2.06368699129,0,0,0,-0.0028,-0.0229090909091,-0.0452436090226,0.0434005159475,-0.0181205066221,,0.985688857245,0.971168011224,0.994297369895,,0.169482894737,0.658885897436,2.90368886076,,1.0667437156891073,1.0612539728402195,,1.0173360300491188,
2015-12-15,35.19,,0,0,0,0,-0.0368,-0.0112484848485,-0.044680075188,0.0386321529081,-0.0166857756095,,1.00222146275,0.989268169264,1.01074581638,,0.169395789474,0.537450705128,2.90492580696,,1.053424268258028,1.0647911338448424,,1.0264279624893435,
2015-12-16,36.12,,0,0,0,0,0.0146,0.00589090909091,-0.0431740601504,0.0337285178236,-0.015203649496,,1.02736219353,1.0157480315,1.03689190789,,0.220237894737,0.518430769231,2.92549871835,,1.004983388704319,1.0664451827242527,,1.0185492801771872,
2015-12-17,36.0,,0,0,0,0,0.0628,0.0242303030303,-0.0409609022556,0.0287786350844,-0.0136711571144,,1.02325052584,1.01279355188,1.03258745621,,0.250048421053,0.495969166667,2.92494808544,,0.9758333333333334,1.088888888888889,,1.0280555555555555,
2015-12-18,35.35,,0,0,0,0,0.1184,0.0387939393939,-0.0386214285714,0.0238750469043,-0.0120972017112,,1.00501798229,0.995375095912,1.01282505847,,0.245445,0.467973782051,2.84127150316,,0.9895332390381895,1.1021216407355021,,1.0381895332390383,
2015-12-21,35.21,,0,0,0,0,0.0256,0.054103030303,-0.0308642857143,0.0104207551595,-0.00719914732771,,1.00157874525,0.994204474061,1.00411370069,,0.237320789474,0.351753782051,2.22508044304,,0.9571144561204203,1.1011076398750355,,1.0485657483669413,
2015-12-22,36.12,,0,0,0,0,-0.0106,0.0540909090909,-0.0278413533835,0.00656709662289,-0.00555336673699,,1.02616551607,1.01977004355,1.02812250939,,0.283998947368,0.357407628205,2.00652253165,,0.9177740863787376,1.0736434108527133,,1.0263012181616833,
2015-12-23,36.79,,0,0,0,0,0.0166,0.0567272727273,-0.0230030075188,0.00317195121951,-0.00391255127754,,1.04284479215,1.0375070502,1.04497377979,,0.410571315789,0.402415384615,1.80032137658,,0.9094862734438707,1.0516444686055992,,0.9866811633596085,
2015-12-24,37.01,,0,0,0,0,0.1236,0.0659757575758,-0.0163718045113,6.35318949347e-05,-0.00228474419831,,1.045184976,1.04236637728,1.04970945795,,0.507673684211,0.459860961539,1.77441960443,,0.8921912996487437,1.0397189948662524,,0.9492029181302352,
2015-12-28,36.7,,0,0,0,0,0.2242,0.129139393939,0.0226808270677,-0.00906988742964,0.0039595464135,,1.02395268055,1.0294385773,1.03417788846,,0.655045,0.602071538462,1.42267897152,,0.9087193460490463,1.0534059945504086,,0.9531335149863759,
2015-12-29,36.92,,0,0,0,0,0.1164,0.140545454545,0.0327616541353,-0.0103565196998,0.00542308954524,,1.02789687622,1.03526838604,1.03846424302,,0.699374736842,0.626864038462,1.26183164557,,0.9014084507042254,1.056338028169014,,0.9127843986998917,
2015-12-30,37.07,,0,0,0,0,0.0272,0.148175757576,0.0424191729323,-0.011169934334,0.00686038590014,,1.02933622114,1.03902292045,1.040714772,,0.729381842105,0.661520448718,1.09755436709,,0.8672781224710008,1.062854059886701,,0.8942541138386835,
2015-12-31,36.3,,0,0,0,0,-0.0338,0.145872727273,0.0508620300752,-0.0116092166979,0.00827125087904,,1.00634859028,1.01754779391,1.01762980562,,0.690977894737,0.656142564103,0.951837958861,,0.8710743801652894,1.0757575757575757,,0.9217630853994492,
2016-01-04,35.13,,-0.73734638617,0,0,0,-0.1672,0.0593575757576,0.0706496240602,-0.0105712711069,0.0136174490155,,0.968635830978,0.984316225247,0.981792266954,,0.462735526316,0.650315320513,0.743929367089,,0.9325362937660119,1.1127241673783093,,0.9399373754625676,
2016-01-05,34.98,,0.204891037769,0,0,0,-0.2224,0.0175939393939,0.0715890977444,-0.0100251407129,0.0148493363221,,0.966018143909,0.980264402362,0.977521613833,,0.545415526316,0.657050705128,0.738584414557,,0.8985134362492854,1.1392224128073185,,0.9534019439679818,
2016-01-06,33.7,,1.93933338092,1,0,0,-0.3244,-0.0376848484848,0.0696819548872,-0.00953386491557,0.0160109382325,,0.933634386558,0.945599943881,0.942097354719,,0.860878684211,0.755190705128,0.779861708861,,0.9379821958456972,1.1827893175074182,,0.9875370919881306,
2016-01-07,33.15,,4.09871495327,1,1,0,-0.4388,-0.100284848485,0.0646954887218,-0.00910483114447,0.0170820850914,,0.921204373984,0.931716297306,0.927136574349,,1.27552078947,0.910045897436,0.843805,,0.9547511312217195,1.1888386123680241,,0.9698340874811463,
2016-01-08,33.46,,5.20688890531,0,0,0,-0.5114,-0.162309090909,0.0570037593985,-0.00872903377111,0.0180654682372,,0.93226714218,0.941792389102,0.936245225737,,1.58055684211,1.02242153846,0.898655949367,,0.9557680812910938,1.215481171548117,,0.945008965929468,
2016-01-11,33.02,,6.13313343328,1,1,0,-0.3322,-0.291575757576,0.0195176691729,-0.00784249530957,0.0204630787037,,0.928728131856,0.933387983548,0.925542463325,,2.47434105263,1.37612076923,1.08568416139,,0.9536644457904299,1.243488794669897,,0.9921259842519683,
2016-01-12,33.35,,6.03166028959,0,0,0,-0.1908,-0.312678787879,0.00293684210526,-0.00774955440901,0.0210634464369,,0.942569668193,0.94395029755,0.935572441991,,2.61845894737,1.47842814103,1.15325808544,,0.9583208395802099,1.1814092953523236,,0.9424287856071963,
2016-01-13,33.28,,6.05664488017,0,0,0,-0.0968,-0.321509090909,-0.014387593985,-0.00776831613508,0.0215646126348,,0.945575428677,0.942702763949,0.934411500449,,2.67489973684,1.56228198718,1.22311797468,,1.0105168269230769,1.1661658653846154,,0.9498197115384615,
2016-01-14,32.15,,6.92564491654,1,1,0,-0.0784,-0.322848484848,-0.0327845864662,-0.00803407598499,0.0219601690694,,0.919819755382,0.912134366045,0.903921444587,,2.92761973684,1.79212923077,1.37039234177,,1.0727838258164852,1.2049766718507,,0.9844479004665629,
2016-01-15,31.62,,7.85398773006,1,1,0,-0.155,-0.318436363636,-0.0520695488722,-0.00862537523452,0.0222443477496,,0.911685840325,0.898857240321,0.890512953204,,3.21286421053,2.10528307692,1.55544871835,,1.1274509803921569,1.2631246046805817,,1.0113851992409868,
2016-01-19,32.76,,0,0,0,0,-0.235,-0.250575757576,-0.133181954887,-0.0131420028143,0.0222808134083,,0.972712966537,0.940129856154,0.927385253414,,2.76540947368,3.09999839744,2.17687593354,,1.1150793650793651,1.1825396825396828,,0.9612332112332113,
2016-01-20,31.43,,9.22012085066,1,1,0,-0.1398,-0.227224242424,-0.151440977444,-0.0146935037523,0.022032177391,,0.940018842249,0.904375849741,0.891062442413,,2.60764710526,3.38801224359,2.36486708861,,1.1730830416799236,1.2252624880687242,,1.0168628698695514,
2016-01-21,31.61,,9.00141265108,0,0,0,-0.0416,-0.204618181818,-0.168178947368,-0.0164152908068,0.0216915055087,,0.952079756634,0.911877339372,0.897428162806,,2.29329368421,3.62927685897,2.53097264241,,1.159759569756406,1.2451755773489401,,1.0639038279025625,
2016-01-22,31.65,,8.75292271479,0,0,0,0.0136,-0.184406060606,-0.182928195489,-0.0184304643527,0.0212602950656,,0.960007279676,0.915341734811,0.900289073861,,1.85753973684,3.84843070513,2.64568846519,,1.1740916271721957,1.2116903633491312,,1.0897314375987364,
2016-01-25,31.98,,8.70306468132,0,0,0,-0.0416,-0.134345454545,-0.210529323308,-0.0266795731707,0.0194088636896,,0.98667160311,0.932055812598,0.915397964113,,0.722964210526,4.31757019231,2.78217175633,,1.0631644777986242,1.2023139462163852,,1.114759224515322,
2016-01-26,31.49,,8.57395282796,0,0,0,-0.0372,-0.116218181818,-0.214798496241,-0.029923358349,0.0186024056493,,0.974877327678,0.92080061991,0.90301998387,,0.667539736842,4.43549512821,2.89369390823,,1.0416005080978088,1.2337249920609719,,1.1600508097808828,
2016-01-27,31.96,,8.14101353478,0,0,0,-0.0062,-0.0929696969697,-0.21594924812,-0.0333437617261,0.0177236155063,,0.991253644315,0.936865633359,0.918021485609,,0.632058947368,4.52261378205,2.96026481013,,1.0519399249061325,1.2080725907384229,,1.1536295369211513,
2016-01-28,33.63,,0,0,0,0,0.1126,-0.0598242424242,-0.212841353383,-0.0367308395872,0.0168081487342,,1.04277453063,0.987063683658,0.966848148348,,0.655299736842,4.48753019231,2.95611036392,,0.9550996134403804,1.1397561700862324,,1.0900981266726135,
2016-01-29,34.49,,0,0,0,0,0.2462,-0.0153757575758,-0.205015413534,-0.0400475375235,0.0158669787271,,1.06773574392,1.01294448483,0.992318094197,,0.83948,4.44960198718,2.9156364557,,0.9849231661351115,1.1110466801971586,,1.0774137431139459,
2016-02-01,35.65,,0,0,0,0,0.5918,0.148363636364,-0.156784210526,-0.0493951688555,0.0130194693507,,1.09550734435,1.0497026088,1.02705194319,,1.71721684211,4.18035487179,2.83048253165,,0.9719495091164095,1.0729312762973353,,0.9537166900420758,
2016-02-02,36.53,,0,0,0,0,0.6178,0.207048484848,-0.13342406015,-0.0518428470919,0.0120985056259,,1.11697167057,1.07599410898,1.05189275186,,2.49781552632,4.11108717949,2.86929289557,,0.9849438817410346,1.0659731727347386,,0.8978921434437448,
2016-02-03,36.87,,0,0,0,0,0.6106,0.268290909091,-0.106783458647,-0.0538354831144,0.0112029697023,,1.11929084258,1.08612080774,1.0610377277,,3.33623657895,4.08960794872,2.92433822785,,0.9875237320314618,1.0493626254407378,,0.9118524545701112,
2016-02-04,36.66,,0,0,0,0,0.5512,0.327945454545,-0.077772556391,-0.055322467167,0.010322540143,,1.10446637042,1.0802130371,1.05419423946,,3.90575657895,4.03768455128,2.96935935127,,0.9819967266775779,1.0518276050190944,,0.8761593016912166,
2016-02-05,37.16,,0,0,0,0,0.4958,0.382909090909,-0.0468184210526,-0.0563737335835,0.00946279008439,,1.11026456923,1.09482491935,1.06808464772,,4.52332078947,4.06187974359,3.02535791139,,0.9808934337997849,1.0696986006458558,,0.9141550053821313,
2016-02-08,34.0,,0,0,0,1,0.1204,0.443654545455,0.0482195488722,-0.0574655018762,0.00695380479372,,0.997491602001,1.00347527098,0.977573317999,,5.185805,3.91603839744,3.07596455696,,1.0505882352941176,1.1541176470588237,,1.0191176470588235,
2016-02-09,32.8,,0,0,0,1,-0.2284,0.396151515152,0.0747454887218,-0.0576329737336,0.00608432372246,,0.960356034432,0.970564954616,0.944309491678,,4.89669894737,3.78833326923,3.08817935127,,1.073780487804878,1.2256097560975612,,1.096951219512195,
2016-02-10,33.62,,0,0,0,0,-0.5202,0.322036363636,0.0979240601504,-0.0577074108818,0.00519217065166,,0.981476886249,0.996805301273,0.968904002997,,4.56044710526,3.62358198718,3.06537367089,,1.090719809637121,1.1814396192742416,,1.0829863176680548,
2016-02-11,32.12,,3.3686434284,0,0,1,-0.7604,0.218812121212,0.116183082707,-0.0578189493433,0.0042648104196,,0.937044168271,0.955291353453,0.92713798105,,4.44263789474,3.50900711538,3.1054728481,,1.1435242839352429,1.2537359900373601,,1.1207970112079702,
2016-02-12,33.97,,0,0,0,0,-0.7968,0.106763636364,0.130459022556,-0.057659521576,0.0033250966948,,0.987672268419,1.01206614032,0.980990953918,,4.06997263158,3.32489230769,3.10632348101,,1.103032087135708,1.1648513394171327,,1.0730055931704445,
2016-02-16,34.65,,0,0,0,0,0.1912,-0.241309090909,0.152369172932,-0.0541833489681,-0.000543622538677,,0.993747849031,1.03263299061,1.00239388438,,2.40664842105,3.24856923077,3.09060753165,,1.1116883116883118,1.1451659451659453,,1.030880230880231,
2016-02-17,35.98,,0,0,0,0,0.3,-0.254260606061,0.151096240602,-0.0524702157598,-0.00150379453821,,1.02842606223,1.07025997977,1.04069649727,,2.37653131579,3.39505230769,3.1043478481,,1.0894941634241246,1.1395219566425794,,0.9788771539744303,
2016-02-18,36.41,,0,0,0,0,0.384,-0.231139393939,0.147895112782,-0.050311608818,-0.00242808104782,,1.03786896227,1.08067998842,1.05273429735,,2.46070815789,3.58871224359,3.13904935127,,1.0700357044767923,1.0906344410876134,,1.0071408953584182,
2016-02-19,36.0,,0,0,0,0,0.4494,-0.179151515152,0.142406015038,-0.0477725844278,-0.00332090805204,,1.02397815513,1.06650076655,1.04065792707,,2.48069578947,3.71981532051,3.15570658228,,1.0769444444444445,1.0852777777777778,,1.0202777777777776,
2016-02-22,36.45,,0,0,0,0,0.3028,0.0697878787879,0.114139097744,-0.0378690666041,-0.00581757647679,,1.03415990467,1.07283978779,1.05228210976,,2.49973052632,4.09091275641,3.23695848101,,1.0639231824417008,1.0598079561042524,,1.0279835390946501,
2016-02-23,35.72,,0,0,0,0,0.1628,0.144375757576,0.102039849624,-0.0337863273921,-0.00659315371542,,1.01510436648,1.04859898134,1.03070918967,1.03089510671,2.36926605263,4.07537410256,3.2506171519,,1.0831466965285554,1.0657894736842106,,1.078387458006719,3.1368148427673472
2016-02-24,35.22,,0,0,0,0,0.0096,0.199933333333,0.0895105263158,-0.0294178470919,-0.00735146946789,,1.00294733245,1.03119647484,1.01597374968,1.01618993692,2.24989763158,3.94808179487,3.25357310127,,1.0925610448608745,1.0897217490062465,,1.1130039750141967,3.1333396069182893
2016-02-25,36.67,,0,0,0,0,-0.0426,0.236260606061,0.0781116541353,-0.0247887195122,-0.0080656733474,,1.04496751396,1.06969654981,1.05743513586,1.05730746289,2.15650105263,3.92927378205,3.29046018987,,1.0542677938369238,1.0556313062448868,,1.0624488682847013,3.138761945754764
2016-02-26,36.73,,0,0,0,0,-0.005,0.24736969697,0.0683394736842,-0.0198324812383,-0.00873484528833,,1.04731897179,1.06746879405,1.05836418908,1.05830701132,2.07214184211,3.88482333333,3.34302,,1.0618023414102915,1.0732371358562485,,1.055540430166077,3.1445716823899805
2016-02-29,37.47,,0,0,0,0,0.1966,0.177496969697,0.0507864661654,-0.00367811913696,-0.0104925134787,,1.0579067732,1.07714199474,1.0776570235,1.07760472369,1.97578842105,3.75844897436,3.52827973101,,1.0515078729650387,1.0573792367227115,,1.0349613023752335,3.2087390526729895
2016-03-01,38.52,,0,0,0,0,0.2808,0.160175757576,0.0504244360902,0.00221550187617,-0.0109797439053,,1.0800807537,1.10185430179,1.10651499483,1.10680113783,2.24838315789,3.82653019231,3.70267189873,,1.0137590861889925,1.027258566978193,,1.0044132917964692,3.2857846540880793
2016-03-02,39.2,,0,0,0,0,0.3852,0.162903030303,0.0533710526316,0.00840787992495,-0.011406874121,,1.08834471653,1.11528394219,1.12441332229,1.12528885763,2.11349052632,3.97031897436,3.94235884494,,0.9971938775510204,1.0165816326530612,,0.9816326530612244,3.402261383647823
2016-03-03,38.96,,0,0,0,0,0.4384,0.173406060606,0.0590969924812,0.0148771575985,-0.0117848101266,,1.07424002206,1.10272213299,1.11578887075,1.1175251522,2.28275657895,3.9949199359,4.15106936709,,1.0228439425051334,1.0148870636550307,,0.9922997946611909,3.5081559119497063
2016-03-04,38.77,,0,0,0,0,0.4376,0.189727272727,0.0672657894737,0.0215020168856,-0.0121168527309,,1.06197356708,1.09184355969,1.10892618361,1.11124447128,2.27391447368,3.91833429487,4.3360171519,,1.028114521537271,1.0152179520247613,,1.0059324219757544,3.6030545558176263
2016-03-07,38.78,,0,0,0,0,0.1578,0.253739393939,0.103786842105,0.0413670731707,-0.0127930614158,,1.04264128623,1.07629541228,1.10571354235,1.10839981565,1.72908842105,3.40209641026,4.84279302215,,1.0162454873646207,1.0082516761217122,,1.0159876224858173,3.8251389779874225
2016-03-08,38.69,,0,0,0,0,0.031,0.264836363636,0.11810037594,0.0479090290807,-0.0128676848922,,1.03644570648,1.07004079375,1.1018357997,1.10434985826,1.74998394737,3.41915769231,5.00571314873,,1.0511760144740243,1.0126647712587233,,1.009304729904368,3.8189414740565972
2016-03-09,38.48,,0,0,0,0,-0.043,0.260060606061,0.131883458647,0.0543417213884,-0.0128560712611,,1.02796997302,1.06130498038,1.09463563113,1.09685683389,1.76387473684,3.47596403846,5.14686525316,,1.0670478170478173,1.0085758835758838,,1.015852390852391,3.7796177319182247
2016-03-10,38.66,,0,0,0,0,-0.0548,0.242290909091,0.145222556391,0.060672326454,-0.0127557679911,,1.02912207848,1.06321246373,1.09840857191,1.10045063397,1.71641473684,3.53276692308,5.30060314873,,1.0191412312467667,0.9774961200206933,,1.0307811691670978,3.743468675314443
2016-03-11,39.0,,0,0,0,0,-0.0256,0.214993939394,0.15827406015,0.0668215056285,-0.01256229782,,1.0340439071,1.06924748281,1.10693644695,1.10851549523,1.67188842105,3.6084250641,5.47162593354,,0.9951282051282052,0.9661538461538461,,1.022051282051282,3.7180926690251273
2016-03-14,39.4,,0,0,0,0,0.0778,0.108024242424,0.186720300752,0.0835638836773,-0.0114840746601,,1.03202147862,1.07406700652,1.11568112474,1.11577788515,1.32147236842,4.08885230769,5.93327335443,,0.9832487309644671,0.9715736040609138,,1.000253807106599,3.8129600275156736
2016-03-15,39.05,,0,0,0,0,0.0982,0.0822787878788,0.19097406015,0.0885251407129,-0.0109716552391,,1.01774870338,1.062794701,1.10497237569,1.10454848399,0.862577894737,4.22883583333,6.07284550633,,1.0227912932138283,0.9953905249679897,,1.0414852752880923,3.842399838836422
2016-03-16,39.09,,0,0,0,0,0.0946,0.0598181818182,0.191678571429,0.0931510787992,-0.0103802933075,,1.01558846454,1.0624881085,1.10529106139,1.10438157528,0.7226,4.36325538462,6.21485158228,,0.9910463034024046,0.9902788436940393,,1.050396520849322,3.8750564622640886
2016-03-17,39.85,,0,0,0,0,0.0996,0.0465575757576,0.189162406015,0.0975326688555,-0.00969165348101,,1.03115458262,1.08116907341,1.1255273703,1.12423343713,0.631298947369,4.59506096154,6.44524517405,,0.9663739021329987,0.9535759096612296,,0.9887076537013801,3.9108911792452137
2016-03-18,39.86,,0,0,0,0,0.1064,0.0436303030303,0.183165789474,0.101639212008,-0.00890501054852,,1.02725339862,1.07946351801,1.12464246541,1.12289795566,0.489872368421,4.81909173077,6.66600568038,,0.9874560963371801,0.9523331660812845,,0.9736578023080783,3.942039304245206
2016-03-21,39.41,,0,0,0,0,0.1234,0.0792121212121,0.159856015038,0.112056590056,-0.00597888683779,,1.00733583825,1.05392648455,1.10824823804,1.10581104969,0.195169473685,4.25831564103,7.29301859177,,0.9731032732808933,0.9594011672164426,,0.9829992387718854,4.044773836477888
2016-03-22,40.67,,0,0,0,0,0.119,0.0919454545455,0.152764661654,0.114874179174,-0.00482813525551,,1.0375926422,1.08144041375,1.14192656236,1.13971251473,0.315129210527,3.77365121795,7.61352905063,,0.9454143103024343,0.9446766658470617,,0.9820506515859355,4.170355656446435
2016-03-23,41.06,,0,0,0,0,0.1488,0.106278787879,0.146333082707,0.117368738274,-0.00359709329583,,1.04474383929,1.08668898622,1.1509541062,1.14931107115,0.483350263158,3.70788692308,7.97926575949,,0.9461763273258645,0.9361909400876764,,0.9434973209936678,4.340794402515611
2016-03-24,39.4,,0,0,0,0,0.1156,0.112460606061,0.139578571429,0.119456754221,-0.00230972954759,,1.00170340427,1.03902268577,1.10277267559,1.10194956273,0.467948421053,3.38281788462,8.14828884494,,0.9799492385786802,0.9763959390862944,,0.9774111675126903,4.418862857704285
2016-03-28,38.81,,-4.50035029616,0,0,0,-0.1852,0.0606848484848,0.112465789474,0.124138578799,0.0033731291022,,0.984201049882,1.01117081908,1.07806678542,1.08199092184,0.40130631579,2.18260608974,8.49746441456,,0.9876320535944343,0.9809327492914197,,1.0141716052563772,4.685666411163386
2016-03-29,38.74,,-3.8546850016,0,0,0,-0.238,0.0324424242424,0.103611654135,0.124387148218,0.00490589984763,,0.982102114283,1.00781747942,1.07415301967,1.07928901766,0.378604210527,2.08278948718,8.50647049051,,0.9891584925141972,0.9687661331956634,,0.9899328859060402,4.729002767295458
2016-03-30,39.94,,0,0,0,0,-0.2038,0.00853939393939,0.0947447368421,0.124349554409,0.00649411333802,,1.01088332068,1.0363796772,1.10494409921,1.11165424324,0.354621052632,1.97797538462,8.60389606013,,0.957686529794692,0.9384076114171257,,0.9626940410615925,4.817286222484132
2016-03-31,38.74,,-3.15304358958,0,0,0,-0.1236,-0.0190242424242,0.0851372180451,0.123951782364,0.00810614158462,,0.980833987391,1.00345796692,1.06963019207,1.07769022665,0.371958947369,1.80904384615,8.5601090981,,1.005162622612287,0.9506969540526586,,1.002839442436758,4.866398679245135
2016-04-01,38.51,,-2.63887641891,0,0,1,-0.0692,-0.0486666666667,0.074869924812,0.123142190432,0.00973694913268,,0.975615935145,0.99588174066,1.06138957697,1.0707744068,0.409598684211,1.63104301282,8.51825757911,,1.004674110620618,0.9478057647364322,,1.0025967281225656,4.907104261006139
2016-04-04,39.36,,0,0,0,0,-0.0906,-0.1086,0.0433763157895,0.118760811445,0.0147121732888,,0.998503259849,1.01198128246,1.07764019795,1.09284951974,0.48334631579,0.938398974359,8.09911335443,,0.9796747967479675,0.9240345528455284,,0.9738313008130081,5.056927417452671
2016-04-05,38.35,,-0.909196665159,0,0,1,-0.0762,-0.112575757576,0.0336432330827,0.116845168856,0.0163821056024,,0.973795134833,0.984949660982,1.04757449627,1.06441109583,0.536353684211,0.817352820513,7.82968973101,,1.0365058670143414,0.9689700130378095,,0.9992177314211212,5.090773738207385
2016-04-06,38.45,,-0.674209607552,0,0,0,-0.0698,-0.112733333333,0.0240319548872,0.11470478424,0.0180670343999,,0.978072853073,0.986428589753,1.04786237438,1.06649839384,0.565385263158,0.696732307693,7.55025411392,,1.0205461638491546,0.9524057217165148,,0.9947984395318595,5.116465719339457
2016-04-07,38.85,,-0.743952003097,0,0,0,-0.0366,-0.107066666667,0.0151687969925,0.112392143527,0.0197578776957,,0.989518994435,0.995337159254,1.05616213516,1.07699398089,0.558129210527,0.564585641026,7.27497643987,,1.0347490347490347,0.9531531531531532,,1.0023166023166021,5.164208160377189
2016-04-08,38.61,,-0.14728380656,0,0,0,0.0052,-0.0982909090909,0.00719360902256,0.109789704503,0.0214488953352,,0.984974106482,0.987998669362,1.04755509432,1.06979023619,0.557504210527,0.43100923077,7.10677968354,,1.0287490287490286,0.9655529655529655,,1.002072002072002,5.203176568396054
2016-04-11,38.33,,0.309289050337,0,0,1,-0.0302,-0.0528787878788,-0.0152157894737,0.101128072233,0.0264737019456,,0.983337395298,0.98060785919,1.03265262137,1.06069489629,0.443826052632,0.381821538462,6.07855037975,,1.0506130967910254,0.9600834855204801,,1.0060005217845032,5.303715373427492
2016-04-12,38.32,,0.595567687008,0,0,0,-0.0428,-0.0476606060606,-0.0229578947368,0.0980117729831,0.028077862752,,0.986548239686,0.980753480753,1.03006945308,1.06044201227,0.219146052632,0.396262564103,5.71133099684,,1.0326200417536535,0.9467640918580376,,1.0373173277661796,5.300038223270259
2016-04-13,38.25,,0.96332486483,0,0,0,-0.043,-0.0439151515152,-0.0303338345865,0.0948306050657,0.0296352393929,,0.986206007477,0.979287744182,1.02591267673,1.0584261618,0.217784210527,0.411075897436,5.32825947785,,1.0373856209150327,0.9482352941176472,,1.0258823529411765,5.310302952043844
2016-04-14,38.94,,0.940197607904,0,0,0,-0.045,-0.0376121212121,-0.0367169172932,0.091651782364,0.0311647693976,,1.00459212631,0.996844860579,1.04198791171,1.07708159018,0.198585263158,0.409278910257,4.99922327532,,1.0529019003595275,0.8988186954288649,,1.0323574730354392,5.358162955974658
2016-04-15,38.69,,0.809338521401,0,0,0,-0.0198,-0.0308787878788,-0.0422037593985,0.0885306050657,0.0326600254923,,0.999057492931,0.990495695862,1.03281089937,1.0697782125,0.176108157895,0.41064198718,4.57526631329,,1.0263634013957095,0.8979064357715173,,1.0266218661152753,5.397262248427485
2016-04-18,38.56,,0.82648903835,0,0,0,0.0594,-0.00884242424242,-0.0522639097744,0.0789916041276,0.0369191235935,,0.997000723963,0.987173907478,1.02392182506,1.06495618207,0.150772631579,0.409927179488,3.90848150316,,1.0132261410788381,0.8936721991701244,,1.0443464730290457,5.509424524370874
2016-04-19,39.75,,0,0,0,0,0.0876,9.6969696969e-05,-0.0524116541353,0.0756571060038,0.0382587640647,,1.02802167251,1.01692963998,1.05368142373,1.0973368876,0.127297631579,0.417214807693,3.83231137658,,0.9718238993710693,0.8978616352201257,,0.9954716981132076,5.5820041470123805
2016-04-20,39.24,,0,0,0,0,0.104,0.0112060606061,-0.0511390977444,0.0722666275797,0.0395658125293,,1.01417624026,1.00372816974,1.03852795808,1.08264142159,0.143666052632,0.417568653847,3.72533867089,,0.9701834862385321,0.9125891946992865,,1.0112130479102956,5.63827537342747
2016-04-21,40.2,,0,0,0,0,0.1544,0.0299939393939,-0.047834962406,0.0688164634146,0.0408589222925,,1.03672374665,1.02749573474,1.06233628096,1.1081687821,0.254183157895,0.447768653847,3.73827593354,,0.954726368159204,0.9104477611940298,,1.0199004975124377,5.728548549528093
2016-04-22,39.72,,0,0,0,0,0.1972,0.0513454545455,-0.0430060150376,0.0651881801126,0.0421316001524,,1.02274921787,1.01476026544,1.04854676487,1.09408112989,0.293508157895,0.456140961539,3.7595913924,,0.9745720040281974,0.9138972809667674,,0.9997482376636456,5.794778297955761
2016-04-25,40.27,,0,0,0,0,0.1502,0.105903030303,-0.0212033834586,0.0531962007505,0.0458359616737,,1.03227294866,1.02738764941,1.0599111696,1.10654667857,0.419283157895,0.50085923077,3.86619082278,,0.9788924757884281,0.8924757884281102,,0.9702011422895455,6.004230188679015
2016-04-26,39.57,,0,0,0,0,0.0812,0.118642424242,-0.0122319548872,0.0488157833021,0.0470132984646,,1.01287531676,1.00970923334,1.04066195252,1.08670540074,0.415864210527,0.493435641026,3.88792276899,,1.0012635835228707,0.9077584028304271,,0.9762446297700279,6.0672819772010245
2016-04-27,39.68,,0,0,0,0,0.0212,0.124151515152,-0.00309661654135,0.0442411350844,0.0481526971988,,1.01461319151,1.01263238484,1.04269107846,1.08912249883,0.431350263158,0.488056410257,3.91218973101,,0.9972278225806451,0.9269153225806452,,0.9594254032258065,6.1339984905658005
2016-04-28,41.0,,0,0,0,0,0.0522,0.129678787879,0.00698909774436,0.0399103424015,0.0492679793718,,1.04517181605,1.04555828987,1.07490586381,1.1244756875,0.591543157895,0.560007948718,3.80601568038,,0.9719512195121952,0.9134146341463415,,0.9360975609756098,6.2643620715406385
2016-04-29,39.71,,0,0,0,0,0.0488,0.126612121212,0.016830075188,0.0358429409006,0.0503410938233,,1.01086984192,1.01275830629,1.03873343055,1.08848758542,0.580485263158,0.555597371795,3.46820196203,,0.9957189624779652,0.9687736086628053,,0.974817426340972,6.330315562106672
2016-05-02,39.07,0.924731678184,0,0,0,0,-0.05,0.0792484848485,0.0414345864662,0.0252759380863,0.0532838285279,,0.990505647175,0.998122293612,1.01575499168,1.06905998926,0.454162894737,0.420946410257,2.50584962025,,1.0074225748656258,0.9941131302789865,,1.0089582800102381,6.489816336477729
2016-05-03,38.63,0.935462076107,-0.0468431771894,0,0,0,-0.1454,0.0529878787879,0.046172556391,0.0222158067542,0.0541684701711,,0.978879217505,0.987367169978,1.0027970848,1.05640073768,0.413602894737,0.425640448718,2.2471163924,,1.0121667098110276,1.0274398136163603,,1.0256277504530156,6.5052688639934475
2016-05-04,38.07,0.949482532178,0.957036274762,0,0,0,-0.2388,0.0170242424242,0.0489056390977,0.0193302532833,0.0549943287037,,0.965753424658,0.97388145609,0.986946997291,1.04057618455,0.499389473685,0.451055384616,1.98472936709,,1.0291568163908589,1.0512214342001578,,1.0394011032308905,6.507379622641242
2016-05-05,38.38,0.942136529442,1.79124229646,0,0,0,-0.3182,-0.0216727272727,0.0498672932331,0.0166793386492,0.0557596328528,,0.974000431423,0.982452547644,0.993563710849,1.0485371909,0.528015526316,0.460902307693,1.71387023734,,1.0112037519541428,1.0195414278269932,,1.0383011985409067,6.520170927672686
2016-05-06,38.71,0.934453629553,1.97021912998,0,0,0,-0.313,-0.0579454545455,0.0492631578947,0.0142581144465,0.0564666549461,,0.982350179543,0.991337639971,1.00079176564,1.05697702795,0.52653131579,0.460968653847,1.51097302215,,0.9762335313872385,1.0067166106949108,,1.0214414879876001,6.540300279087775
2016-05-09,39.42,0.918434804668,0,0,0,0,-0.0028,-0.124127272727,0.0402507518797,0.00777903377111,0.0582429163737,,1.00057110223,1.00994056159,1.01637230888,1.0744291584,0.506577631579,0.445826666667,1.25834177215,,0.9558599695585996,1.0005073566717402,,0.9984779299847792,6.612935283018581
2016-05-10,39.62,0.913936564025,0,0,0,0,0.121,-0.122193939394,0.0354432330827,0.00604793621013,0.0587345669245,,1.00516281253,1.01449275362,1.02033852473,1.07907337774,0.507497631579,0.45200923077,1.16691386076,,0.966178697627461,1.0179202423018678,,0.9868753154972237,6.652805939465117
2016-05-11,39.57,0.915154578384,0,0,0,0,0.193,-0.111842424242,0.0304296992481,0.00457117729831,0.0591779418659,,1.00469721975,1.01252542828,1.01788108643,1.076910516,0.475384210527,0.450527948718,1.07042783228,,0.9823098306798078,0.9426333080616628,,0.9901440485216073,6.688791446540584
2016-05-12,39.85,0.908760351317,0,0,0,0,0.2256,-0.0895454545455,0.0255484962406,0.00333789868668,0.0595853331575,,1.01163956691,1.01881679194,1.02396423191,1.08352267224,0.480813421053,0.456214358975,1.00620441456,,0.9713927227101631,0.9460476787954831,,0.9739021329987453,6.713141977200956
2016-05-13,39.54,0.915895295903,0,0,0,0,0.2028,-0.0592606060606,0.0206593984962,0.00239331613508,0.0599525492264,,1.00399923824,1.01022617671,1.01475357772,1.0741518625,0.476209210527,0.450833269231,0.879394920886,,0.9610520991401112,0.9554881133029843,,0.9557410217501264,6.723896033804723
2016-05-16,39.36,0.919785738482,0,0,0,0,0.0272,0.0400727272727,0.00512255639098,0.00125743433396,0.0607689639006,,1.0008518429,1.00416488612,1.00696187756,1.06677688582,0.426245,0.427525064103,0.567016946202,,0.9644308943089431,0.9563008130081301,,0.9573170731707317,6.77642751179213
2016-05-17,39.1,0.925880647911,0,0,0,0,-0.0426,0.0654727272727,5.86466165416e-05,0.00127511726079,0.0609310507501,,0.994974235002,0.997372650052,0.999552629897,1.05906451558,0.421482894737,0.424642051283,0.495755696202,,0.9670076726342711,0.9565217391304347,,0.9790281329923274,6.792164386792128
2016-05-18,39.18,0.924027565084,0,0,0,0,-0.0752,0.0750787878788,-0.00470263157895,0.00149362101313,0.0610370721988,,0.999324091668,0.999050162875,1.00081421524,1.06050968344,0.260939736842,0.415430705129,0.422701503164,,0.9806023481368046,0.954823889739663,,0.9920877998979071,6.804202264150614
2016-05-19,38.81,0.932931375075,-0.0120166187281,0,0,0,-0.1042,0.0729878787879,-0.00920601503759,0.00181409474672,0.061082823488,0.0108960620715,0.991024347893,0.989489384214,0.990938947207,1.04984462651,0.253739736842,0.410202500001,0.388217705696,,0.9904663746457097,0.9644421540839989,,0.9974233444988405,6.8053100471694785
2016-05-20,37.79,0.958119431948,0.952479338843,0,0,0,-0.1654,0.0542666666667,-0.0140296992481,0.00204669324578,0.0610570938819,0.0112731133907,0.967349707542,0.963987577085,0.96512006538,1.02179666138,0.327205,0.452758397436,0.406796898734,,1.0179941783540618,0.9806827202963748,,1.0055570256681663,6.788519481131741
2016-05-23,37.68,0.96105626327,3.39198940748,0,0,0,-0.3028,-0.0642060606061,-0.0270139097744,0.00191446998124,0.0605766423465,0.0123808661959,0.969684492254,0.962187904981,0.963439540525,1.01739363758,0.522322105263,0.549971217949,0.477062009494,,1.0103503184713376,0.9710721868365182,,1.0074309978768579,6.720194304244938
2016-05-24,38.28,0.946014454894,3.00065989178,0,0,0,-0.2526,-0.100309090909,-0.0305684210526,0.00168337242026,0.0602784927332,0.0127476300649,0.984859204754,0.977921406081,0.978934245437,1.03321755296,0.507108157895,0.568332756411,0.48427943038,,0.9804075235109718,0.9618599791013583,,0.9877220480668757,6.724471851414747
2016-05-25,38.87,0.931726267044,0,0,0,0,-0.131,-0.124175757576,-0.0331883458647,0.00144584896811,0.0599180555556,0.0131162555483,0.999408633944,0.992879721575,0.993990538294,1.04863457634,0.493916842106,0.564949679488,0.483559493671,,0.9642397736043221,0.9660406483148958,,0.9884229482891691,6.738071635219775
2016-05-26,38.71,0.935540342719,0,0,0,0,0.0098,-0.136878787879,-0.0350233082707,0.00118508442777,0.0595019778481,0.0134864698084,0.995294783123,0.988780117116,0.989921140033,1.04372678679,0.493916842106,0.564489166667,0.484196693038,,0.9514337380521828,0.9865667786101782,,0.9930250581245156,6.736053522012224
2016-05-27,38.0,0.952920175439,1.4439100481,0,0,0,0.1072,-0.14103030303,-0.0365789473684,0.000844277673546,0.0590230411978,0.0138571903749,0.977932188123,0.97107226822,0.971978872249,1.02412591359,0.532798684211,0.592642051283,0.497382025316,,0.9605263157894737,1.0007894736842105,,1.0123684210526316,6.722002480345555
2016-05-31,37.96,0.953393923428,2.59647275599,0,0,0,-0.0862,-0.0815212121212,-0.0425026315789,-0.00120103189493,0.0564707674051,0.0153124214447,0.983687272445,0.973651642524,0.971943951915,1.02158694489,0.540573421053,0.657215320513,0.550250063291,,0.9581138040042149,1.0015806111696524,,1.0028977871443625,6.690218097483911
2016-06-01,37.81,0.957015780658,2.69802991369,0,0,0,-0.116,-0.0628727272727,-0.0445740601504,-0.00191240619137,0.0556477862752,0.0156617214051,0.982396882105,0.97099346422,0.96847214618,1.01741321144,0.477977631579,0.676645897436,0.569630870253,,0.9828087807458343,1.0100502512562812,,0.9925945517058978,6.692730047169444
2016-06-02,38.42,0.941767308693,2.42354951048,0,0,0,-0.0744,-0.0439454545455,-0.0462281954887,-0.00267387429644,0.0547537798875,0.0160047946209,0.999700766298,0.987482972216,0.984405676603,1.03358234678,0.416613421053,0.666862564103,0.572725933544,,0.9531494013534616,0.9968766267568974,,0.9755335762623633,6.702444304244915
2016-06-03,38.44,0.94122528616,2.10207691804,0,0,0,0.0014,-0.0270545454545,-0.047380075188,-0.00344235459662,0.0537898646273,0.0163416002578,1.00165465845,0.988810289389,0.985110581482,1.03387180823,0.348760789474,0.654456410257,0.577047088607,,0.9633194588969825,1.0028616024973984,,0.9581165452653486,6.712316588049945
2016-06-06,38.47,0.940313664327,0,0,0,0,0.0992,0.00808484848485,-0.0483432330827,-0.00592303001876,0.0504965746601,0.0172997734897,1.0059094237,0.992242863499,0.986970172181,1.03385839204,0.181456842106,0.578319935898,0.569882768987,,0.9690668053028334,0.9981804003119313,,0.9487912659214973,6.739783632075096
2016-06-07,38.07,0.950151475352,1.51323165168,0,0,0,0.072,0.0114848484848,-0.0486266917293,-0.00688775797373,0.0492632911392,0.0176057578848,0.996896971601,0.983784482202,0.977268935067,1.02293681209,0.133697631579,0.457983333334,0.569959240506,,0.9666403992645126,1.008930916732335,,0.955345416338324,6.744271053458744
2016-06-08,37.53,0.963745448086,2.00249163989,0,0,0,0.0014,0.00652121212121,-0.0490041353383,-0.00796948874296,0.0479637526371,0.0179062457884,0.98440635287,0.971197888363,0.964127792531,1.00821881008,0.131878684211,0.463601025642,0.584466439873,,0.966693312017053,1.014388489208633,,0.9901412203570475,6.739548801100251
2016-06-09,37.48,0.965030238349,2.55572418344,0,0,0,-0.0876,-0.000690909090909,-0.0495593984962,-0.00912000469043,0.0465989744491,0.0182011160714,0.983494712535,0.971305288664,0.963440417971,1.00667614566,0.147598947369,0.4659025,0.607397405063,,0.9677161152614729,1.014407684098186,,0.9770544290288153,6.734535656446162
2016-06-10,36.83,0.98200199113,3.49783203255,1,1,0,-0.1906,-0.0128606060606,-0.0508778195489,-0.0105080440901,0.0451632794187,0.0184893750732,0.967657181892,0.95624460441,0.947901452222,0.989129777963,0.225914736842,0.507440961539,0.619865253164,,0.9503122454520772,1.0298669562856368,,1.0054303556882977,6.730081698112828
2016-06-13,36.5,0.990457534247,5.06401796041,1,1,0,-0.2784,-0.0656484848485,-0.0556244360902,-0.0158380863039,0.0404938745312,0.0193187734384,0.96353101118,0.951140065147,0.942348901454,0.979650445959,0.465729210527,0.723733333334,0.709745316456,,0.9517808219178083,1.0526027397260274,,1.0213698630136987,6.669653926886409
2016-06-14,36.37,0.993860324443,5.18091858323,1,1,0,-0.2462,-0.0920181818182,-0.0569736842105,-0.0178912992495,0.038848448488,0.0195801043559,0.963277846199,0.948995101077,0.939911681381,0.975724264669,0.518097631579,0.824220448718,0.773341756329,,0.9474841902667034,1.0395930712125379,,1.0118229309870772,6.594708160376972
2016-06-15,37.16,0.972759239325,4.8132915702,0,0,0,-0.1648,-0.116951515152,-0.0577210526316,-0.0200136491557,0.0371846812002,0.0198328038937,0.986225749091,0.970589771718,0.961023091321,0.99624831811,0.482651578948,0.853660512821,0.796089098101,,0.9604413347685684,1.0091496232508075,,0.9763186221743811,6.487149052672564
2016-06-16,36.62,0.987199162571,4.79645414252,0,0,0,-0.0964,-0.1374,-0.0581890977444,-0.0221937617261,0.035494958685,0.0200759085133,0.973677213507,0.957792526237,0.947728699073,0.981251517714,0.531242105263,0.917418910257,0.848118924051,,0.9778809393773895,1.0300382304751503,,0.9904423812124523,6.396927574685138
2016-06-17,37.03,0.976400216041,4.20328849028,0,0,0,-0.0292,-0.1488,-0.0580345864662,-0.0243780722326,0.0337862151313,0.0203098531986,0.985849872875,0.969581126814,0.958869967988,0.991644796744,0.538466052632,0.946948141026,0.880330237342,,0.9883877936807993,1.0156629759654334,,0.9451795841209829,6.303261383647398
2016-06-20,37.28,0.970671494993,2.94749612455,0,0,0,0.0842,-0.123878787879,-0.0574906015038,-0.0311457786116,0.0285842079817,0.0209517614519,0.995979214811,0.980794527756,0.967174943735,0.996420117503,0.525710263158,0.863902564103,0.939015126582,,0.9737124463519312,0.9994635193133047,,0.9318669527896996,5.98681395833292
2016-06-21,36.8,0.983613224638,2.98474416093,0,0,0,0.0752,-0.0984121212121,-0.0578977443609,-0.0332936913696,0.0268311650258,0.0211444580965,0.984483681113,0.970112366956,0.955251775685,0.983012646605,0.536368421053,0.808670192308,0.97709238924,,0.9766304347826087,1.0054347826086958,,0.9364130434782609,5.881216725628514
2016-06-22,36.28,0.997932745314,3.38123346224,1,0,0,0.0144,-0.0740606060606,-0.0590522556391,-0.0354193011257,0.0250767815284,0.0213261170785,0.973358731521,0.958463499528,0.942435577722,0.968454490247,0.531074736842,0.805828141026,1.04003696203,,0.9900771775082691,1.0272877618522602,,0.9837375964718852,5.713219559748006
2016-06-23,36.27,0.998369635144,3.81886380686,1,0,0,-0.0598,-0.0526727272727,-0.0608830827068,-0.0375851313321,0.0233299973629,0.0214965123455,0.97593133232,0.960273229107,0.943122092967,0.96743702207,0.499952368421,0.790127948718,1.09179935127,,1.0140612076095947,1.0204025365315685,,0.9873173421560518,5.506672920597058
2016-06-24,35.0,1.03464285714,5.27135434707,1,1,0,-0.1646,-0.0434060606061,-0.0642169172932,-0.039794043152,0.0215789908579,0.0216535740837,0.946137730621,0.929442069204,0.911090575419,0.933036316772,0.629767105263,0.893442051282,1.24118708861,,1.07,1.0585714285714285,,1.0457142857142858,5.328473580974412
2016-06-27,34.74,1.04244194972,8.09217117504,1,1,0,-0.3876,-0.0855757575758,-0.0802026315789,-0.0466055816135,0.0163145613572,0.0220417254153,0.952289579364,0.930506635953,0.907621314993,0.924758553567,0.752489210526,1.17974846154,1.68489795886,,1.1073690270581462,1.0745538284398386,,1.0449050086355784,4.874480562106479
2016-06-28,34.46,1.05089862643,8.22643678161,1,1,0,-0.364,-0.1172,-0.0869977443609,-0.0489297373358,0.014556652895,0.0221436192576,0.948605720263,0.925703310209,0.901527835915,0.91684293145,0.88458,1.32366096154,1.86507493671,,1.127103888566454,1.1215902495647125,,1.0429483459082993,4.697977106917796
2016-06-29,35.69,1.01474455963,0,0,0,0,-0.2454,-0.146018181818,-0.0926131578947,-0.0511502345216,0.0128180833919,0.022234544837,0.984891341842,0.960098995918,0.934599018003,0.948924516764,0.827535526316,1.37314557692,1.94312025316,,1.1120762118240404,1.085738302045391,,1.0064443821798825,4.495349937106472
2016-06-30,35.81,1.01144652332,0,0,0,0,-0.0964,-0.165660606061,-0.0969007518797,-0.0532231707317,0.0111025917135,0.0223144951951,0.989595567408,0.964611603084,0.93851556767,0.951457342509,0.815939736842,1.40853173077,2.01340911392,,1.1175649259983245,1.0513822954481986,,1.027087405752583,4.2915884276725045
2016-07-01,36.6,0.989786885246,0,0,0,0,0.0816,-0.170072727273,-0.0992917293233,-0.0550685741088,0.0094220141819,0.0223844372583,1.01174844506,0.986682482342,0.959760846478,0.971648633536,0.803005263158,1.40327589744,2.0432478481,,1.0691256830601092,1.055191256830601,,1.023224043715847,4.071953580974386
2016-07-05,36.3,0.998605142332,0,0,0,0,0.277,-0.0474181818182,-0.0949251879699,-0.0603705206379,0.00308451711205,0.0225479734011,1.00451061239,0.983526606698,0.954544109865,0.960652608632,0.749622105263,1.21002153846,2.14772087025,,1.0735537190082645,1.1016528925619835,,1.0597796143250688,3.214821851414617
2016-07-06,35.94,1.00876646262,0,0,0,0,0.1432,-0.000884848484848,-0.0919612781955,-0.0612397514071,0.0015769456165,0.0225632483813,0.995485139739,0.975133287208,0.945932608224,0.950762210244,0.738169473684,1.20075153846,2.19620702532,,1.0973845297718419,1.1215915414579856,,1.080690038953812,3.1273896226410303
2016-07-07,35.92,1.00957405345,0,0,0,0,-0.001,0.0409151515152,-0.0882898496241,-0.0619261491557,7.80693272388e-05,0.0225693269879,0.996463000208,0.975967612656,0.94622806151,0.950008512917,0.691461842105,1.18693820513,2.24551487342,,1.122772828507795,1.1333518930957684,,1.1049554565701558,3.080609398584425
2016-07-08,36.78,0.986286025014,0,0,0,0,-0.0536,0.0781272727273,-0.0832860902256,-0.0624583489681,-0.00139984323722,0.0225674152005,1.02067434439,1.00016315875,0.969831209026,0.972385623075,0.668731578947,1.14935282051,2.22128023734,,1.014138118542686,1.0940728656878738,,1.0880913539967374,3.017746918238511
2016-07-11,37.45,0.96955941255,0,0,0,0,0.1072,0.127072727273,-0.0600695488722,-0.0630264540338,-0.00572883556024,0.022537059431,1.03941160144,1.02029696227,0.990157909696,0.989389491204,0.668021052632,1.05406153846,2.11844803797,,1.006675567423231,1.076101468624833,,1.0448598130841122,2.9214036320749837
2016-07-12,38.47,0.944286456979,0,0,0,0,0.2286,0.132254545455,-0.0487864661654,-0.0627410178236,-0.00713957747304,0.0225184746902,1.06448622698,1.04805040014,1.01754652789,1.01606838058,0.965457631579,1.05852147436,2.07792390823,,0.982063945931895,1.0361320509487912,,1.0129971406290617,2.9176476572322145
2016-07-13,38.84,0.935730346722,0,0,0,0,0.3452,0.136763636364,-0.0356763157895,-0.0621291744841,-0.00852161275199,0.0224965015418,1.07091651042,1.05784223607,1.02763216642,1.02547177906,1.33100631579,1.09808557692,2.04497681962,,0.9691040164778578,1.040679711637487,,1.0154479917610708,2.9143999371064258
2016-07-14,39.69,0.916261022928,0,0,0,0,0.4534,0.151387878788,-0.0205838345865,-0.0611739446529,-0.00986972134318,0.0224723859758,1.08732278611,1.08007347439,1.05032301601,1.04747656522,1.80481973684,1.2476448718,2.01284922468,,0.9423028470647519,0.997732426303855,,1.0161249685059208,2.9316435180812657
2016-07-15,40.02,0.909298683991,0,0,0,0,0.5298,0.175757575758,-0.00388458646617,-0.0597922842402,-0.0111792076887,0.0224466105854,1.08887588937,1.08788430696,1.05889823782,1.05568772536,2.27088710526,1.44719076923,2.03567746835,,0.934782608695652,0.984007996001999,,0.9320339830084956,2.9564661595906965
2016-07-18,39.13,0.931570832269,0,0,0,0,0.3884,0.275345454545,0.0499909774436,-0.0536356238274,-0.0147508175105,0.0223541830247,1.04341101808,1.06001706646,1.03576746187,1.02962846016,2.44950105263,1.97830230769,1.96187943038,,0.9565550728341425,1.0232558139534882,,0.9634551495016611,2.7490216352196115
2016-07-19,38.97,0.935864340091,0,0,0,0,0.1844,0.298848484848,0.0671319548872,-0.0510642354597,-0.0157854005509,0.0223164871858,1.03462008177,1.0546185228,1.03178490581,1.02451696437,2.36180421053,2.07701480769,1.93254405063,,0.9509879394405955,1.0559404670259174,,0.9694636900179626,2.6328883608485367
2016-07-20,39.44,0.925171568627,0,0,0,0,0.013,0.312466666667,0.083912406015,-0.0482242026266,-0.0167204758556,0.0222754890023,1.0420767554,1.06545641192,1.0443221273,1.03562759814,2.31146184211,2.23102153846,1.92019112342,,0.9277383367139961,1.0372718052738337,,0.9543610547667344,2.4229275117919253
2016-07-21,40.33,0.905228531284,0,0,0,0,-0.054,0.314551515152,0.100677819549,-0.0449983348968,-0.0175655810478,0.0222323364987,1.06036704002,1.08693015672,1.06744305305,1.05789329587,2.51729894737,2.5037074359,1.98162808544,,0.9129680138854451,0.999008182494421,,0.9273493677163402,2.346682511791919
2016-07-22,37.3,0.979004468275,0,0,0,1,-0.1538,0.287351515152,0.114966165414,-0.0416483818011,-0.0183547893226,0.0221824887569,0.979799837138,1.00495066177,0.987680473451,0.97787973128,2.43613578947,2.50261378205,1.97518221519,,1.0067024128686326,1.095710455764075,,1.0029490616621983,2.2420349056598403
2016-07-25,37.7,0.969656056587,0,0,0,0,-0.3884,0.082903030303,0.143889097744,-0.030733935272,-0.0203746674285,0.0219920173884,0.986678531236,1.01417695639,0.999218118448,0.986796363642,2.09306210526,2.48571384615,1.9621643038,,1.012997347480106,1.0954907161803713,,0.9928381962864721,1.9526311281441078
2016-07-26,37.78,0.968183342156,0,0,0,0,-0.3798,0.0045393939394,0.14869887218,-0.0268611163227,-0.0209462113221,0.0219162343988,0.986397222005,1.0155367991,1.00164709703,0.988599249981,1.82287263158,2.4864574359,1.94989036392,,1.0066172578083643,1.0839068290100582,,0.9809422975119111,1.922516505502597
2016-07-27,37.64,0.972388416578,0,0,0,0,-0.3106,-0.0649515151515,0.150555639098,-0.0229004690432,-0.0214795065635,0.0218361313247,0.980540287076,1.01135898004,0.99828932886,0.984737742285,1.53970631579,2.49037942308,1.93732632911,,1.01009564293305,1.0712008501594048,,0.9721041445270989,1.9040350786158036
2016-07-28,37.4,0.979214795009,0,0,0,0,-0.1982,-0.125836363636,0.149139849624,-0.0189529549719,-0.021971269925,0.0217513862541,0.973502004269,1.0046606584,0.992588759065,0.97823492678,1.45404842105,2.49024897436,1.90060196203,,1.0211229946524063,1.0807486631016043,,0.9844919786096257,1.8771313050308964
2016-07-29,37.41,0.979540229885,0,0,0,0,-0.0712,-0.173309090909,0.144393233083,-0.0150498358349,-0.0224197330638,0.0216620380984,0.9729645379,1.0046728972,0.993582614296,0.978270995579,1.3652681579,2.49002974359,1.85306947785,,1.0237904303662122,1.0727078321304466,,1.0037423148890672,1.8499682979554235
2016-08-01,37.43,0.980403419717,0,0,0,0,-0.0436,-0.201006060606,0.110173684211,-0.00376409474672,-0.023495382091,0.0213631336612,0.974054701122,1.0039360839,0.996333291187,0.978141746276,1.33388526316,2.46189942308,1.69514677215,,1.0299225220411434,1.0694629975955117,,1.0203045685279186,1.7704092413516468
2016-08-02,37.06,0.990618816334,0,0,0,1,-0.06,-0.180206060606,0.0932037593985,-0.000222443714821,-0.0237501889944,0.0212528615009,0.966664927748,0.993485778624,0.987299113535,0.968181736542,1.41492210526,2.43645230769,1.64819943038,,1.0361575822989746,1.0731246627091204,,1.026173772261198,1.7210604992132805
2016-08-03,36.59,1.00372141751,0,0,0,1,-0.0806,-0.157781818182,0.0746093984962,0.00311580675422,-0.0239703322785,0.0211374269381,0.958279862766,0.979842138032,0.975736585789,0.955915609555,1.45424315789,2.31187173077,1.60737087025,,1.0497403662202787,1.0765236403388903,,1.0390817163159334,1.722718549527746
2016-08-04,36.82,0.997915987688,0,0,0,0,-0.1016,-0.13623030303,0.0551654135338,0.00626024859287,-0.0241522093296,0.0210172363911,0.96836125503,0.984801374763,0.982701963336,0.961910235644,1.34746421053,2.1760250641,1.56840276899,,1.0339489407930473,1.0717001629549159,,1.0372080391091798,1.72101735849001
2016-08-05,37.55,0.979035952064,0,0,0,0,-0.0926,-0.113218181818,0.0360112781955,0.00927366322702,-0.0242859323722,0.0208934210382,0.990778242457,1.00261668269,1.00270369505,0.980849917555,1.13328921053,2.02627794872,1.53439841772,,1.0125166444740348,1.045006657789614,,1.0199733688415447,1.7092530660371792
2016-08-08,38.19,0.964096185738,0,0,0,0,0.1062,-0.0401636363636,-0.0129469924812,0.0174153846154,-0.0244188188584,0.020494438595,1.0141271443,1.01401943604,1.02064201028,0.997474644418,0.712532631579,1.49777025641,1.47776264241,,0.9931919350615345,1.0473946059177797,,1.00942655145326,1.6963732350623357
2016-08-09,38.03,0.968558155842,0,0,0,0,0.1786,-0.0153939393939,-0.0256379699248,0.0199643761726,-0.0243977540436,0.0203532701168,1.01177253076,1.00828527872,1.01628446879,0.993485395203,0.54745131579,1.41013717949,1.48074517405,,1.010255061793321,1.0510123586642124,,1.0097291611885353,1.691487657232148
2016-08-10,38.02,0.96912589865,0,0,0,0,0.207,-0.00265454545454,-0.0366432330827,0.0224174249531,-0.0243476514885,0.020207070253,1.01462425278,1.00707228565,1.0159391826,0.993376618287,0.147395789474,1.37917025641,1.48355721519,,0.9944765912677538,1.058127301420305,,1.0102577590741713,1.6889625157227146
2016-08-11,38.19,0.965112158506,0,0,0,0,0.1904,0.0149272727273,-0.045615037594,0.0247884146341,-0.0242647313057,0.020056180051,1.01795210108,1.01051127531,1.02030797591,0.997912849206,0.170887105263,1.34835891026,1.49012023734,,0.9819324430479184,1.0958366064414768,,0.9968578161822468,1.6874427515717716
2016-08-12,38.3,0.962649260226,0,0,0,0,0.145,0.0367393939394,-0.0524890977444,0.0270171904315,-0.0241480133615,0.0199008466212,1.019525375,1.01228351868,1.02323997048,1.0008639965,0.198097631579,1.31662557692,1.49055568038,,0.9848563968668408,1.1488250652741516,,0.9926892950391647,1.6858666627352938
2016-08-15,38.55,0.957372243839,0,0,0,0,0.074,0.0962666666667,-0.0593981203008,0.0324695590994,-0.0235909868729,0.0194254423085,1.02295342975,1.01466059537,1.03006700112,1.00757642585,0.283784210527,1.12361641026,1.47446829114,,0.9756160830090792,1.1325551232166018,,0.983916990920882,1.6819647641503892
2016-08-16,38.4,0.961428819444,0,0,0,0,0.0608,0.105915151515,-0.0562018796992,0.0339270168856,-0.0233307928973,0.0192692542922,1.01794661082,1.00906582578,1.02592189368,1.00366901139,0.309064210527,1.01373333333,1.48229360759,,0.9703125,1.1197916666666667,,1.0005208333333335,1.6817835062887538
2016-08-17,38.41,0.961523908704,0,0,0,0,0.0596,0.110103030303,-0.0507962406015,0.0351816369606,-0.0230347793601,0.0191149493144,1.01685043748,1.00824895165,1.02604857102,1.00397138512,0.325729210527,0.973578910257,1.49031390823,,0.9632908096849779,1.1077844311377245,,0.9843790679510546,1.6809150904082508
2016-08-18,38.07,0.970316084406,0,0,0,0,0.0312,0.106824242424,-0.0434526315789,0.0361889540338,-0.022711229782,0.0189621867859,1.00696970098,0.998478808225,1.01694236125,0.995235574378,0.322255526316,0.92813948718,1.49137664557,,0.9789860782768585,1.1027055424218544,,0.9850275807722616,1.6776414465403269
2016-08-19,38.02,0.971792916009,0,0,0,0,-0.01,0.096703030303,-0.0342090225564,0.0369364681051,-0.022361048113,0.0188110607348,1.00483653567,0.996357346891,1.01558639296,0.994087636329,0.315401052632,0.880860512821,1.49221797468,,0.9734350341925301,1.0988953182535508,,0.992109416096791,1.6744263993705164
2016-08-22,37.93,0.974608489322,0,0,0,0,-0.085,0.0354666666667,-0.00130751879699,0.0374767120075,-0.0211648953938,0.0183511455526,0.99972325088,0.994513526092,1.01341918763,0.992298762243,0.258015526316,0.855535320513,1.47708601266,,0.9767993672554706,1.0988663327181651,,0.9915634062747166,1.6592096698107708
2016-08-23,38.42,0.96237029325,0,0,0,0,-0.0588,0.0176484848485,0.0092992481203,0.037077978424,-0.0207135226207,0.0181977110007,1.01020193521,1.00820048547,1.02651793467,1.00522793092,0.165311578948,0.794860256411,1.47657848101,,0.9716293597084851,1.0783446121811555,,0.9698073919833419,1.6547200904082555
2016-08-24,37.81,0.978168033148,-0.183466947036,0,0,0,-0.0314,0.00261212121212,0.0183139097744,0.0363738742964,-0.0202490110759,0.018045058889,0.992870553944,0.993633753589,1.01043236002,0.989597902241,0.0880134210529,0.700212756411,1.46539099684,,1.022216344882306,1.092832583972494,,0.9785770960063475,1.6389084866346721
2016-08-25,37.5,0.986419555556,0.241065541342,0,0,0,-0.0316,-0.0135090909091,0.025254887218,0.0353509380863,-0.0197752871542,0.0178929248945,0.98479476877,0.9871213567,1.00247276616,0.981863347532,0.0909357894739,0.604678910257,1.45135822785,,1.0333333333333334,1.0746666666666667,,0.9938666666666668,1.6246612853768128
2016-08-26,37.72,0.980850123719,0.475140310333,0,0,0,-0.0418,-0.0272121212121,0.0300973684211,0.0340868433396,-0.0192900448312,0.0177418220988,0.99035116508,0.994417605304,1.0084718857,0.98796959741,0.0829144736845,0.497404551283,1.44701922468,,0.9981442205726405,1.1007423117709438,,0.9811770943796394,1.6084026690246134
2016-08-29,37.61,0.984142515288,1.07209657094,0,0,0,-0.0746,-0.0503272727273,0.0347022556391,0.0293757270169,-0.0177719790202,0.0172889519,0.988397303654,0.994460529621,1.00512450475,0.986200793209,0.0918344736844,0.366651025641,1.44543487342,,1.0268545599574581,1.101302844988035,,0.9851103429938846,1.544921698112669
2016-08-30,37.26,0.993280551082,1.37129931475,0,0,0,-0.072,-0.0552787878788,0.0312981203008,0.0276002345216,-0.0172733591186,0.0171342997407,0.980178094624,0.987209464069,0.995627761875,0.977632010495,0.123234473684,0.207030705129,1.44134238924,,1.0732689210950082,1.089640365002684,,1.0018786902844874,1.4954201257856279
2016-08-31,37.0,1.00018648649,1.78060030751,0,0,0,-0.0832,-0.0610484848485,0.0269323308271,0.0257227485929,-0.0167709739803,0.016976015451,0.974864309427,0.980515565685,0.988624142469,0.971192335455,0.171930526316,0.21609224359,1.43914879747,,1.0894594594594595,1.1324324324324324,,1.0445945945945945,1.4925522012573278
2016-09-01,37.27,0.993001520436,2.00348665683,0,0,0,-0.0836,-0.0659757575758,0.021962406015,0.0238033067542,-0.0162625981599,0.0168146211766,0.983312446409,0.987690309929,0.99558238698,0.978621376654,0.187461842105,0.216784358975,1.42851378165,,1.0922994365441374,1.093909310437349,,1.0397102226992219,1.4860106564460087
2016-09-02,37.01,1.00001531118,2.27117274808,0,0,0,-0.1082,-0.0705333333333,0.0163552631579,0.021834521576,-0.0157523543718,0.016649862574,0.97811723664,0.980988542764,0.988425856376,0.972175706115,0.216690526316,0.225348653847,1.41637200949,,1.08727370980816,1.0915968657119697,,1.017292623615239,1.482154150942866
2016-09-06,37.05,0.999081421502,1.9886547812,0,0,0,-0.0472,-0.0819636363636,-0.0120958646617,0.0130459896811,-0.0136774408111,0.0159618554436,0.986447988498,0.983639199549,0.989414863254,0.974636114477,0.203925263158,0.269834294872,1.41152973101,,1.087719298245614,1.0537112010796221,,1.0423751686909581,1.467377952043502
2016-09-07,37.33,0.991711759979,1.68032345013,0,0,0,-0.0098,-0.0798545454545,-0.0192917293233,0.0106735928705,-0.0131484909752,0.0157820654005,0.994883001972,0.991125536815,0.996792400559,0.982229487276,0.191501052632,0.271045576924,1.40949238924,,1.0677739083846773,1.0460755424591481,,1.0712563621751943,1.4669306761001066
2016-09-08,38.65,0.958141440276,0,0,0,0,0.072,-0.0659333333333,-0.0251281954887,0.00834676360225,-0.0125922497656,0.0156005471405,1.0291983437,1.0253281249,1.03156756901,1.01693800362,0.24437131579,0.293317884616,1.42705310127,,1.0457956015523933,1.0121604139715394,,1.0429495472186288,1.4679418238988486
2016-09-09,38.75,0.955975913978,0,0,0,0,0.1784,-0.0418363636364,-0.0295353383459,0.0061155956848,-0.0120084622597,0.0154174945799,1.03085927108,1.02706821721,1.03356416266,1.01952891187,0.306863157895,0.318606089744,1.44164416139,,1.0219354838709678,1.0343225806451612,,1.0505806451612902,1.4698225786158297
2016-09-12,37.65,0.984749889332,-1.9077322937,0,0,0,0.2888,0.0537878787879,-0.0338793233083,0.000286444652908,-0.0101363220816,0.0148539561482,1.0005580802,0.995228717569,1.0016861051,0.990761771464,0.39502,0.314625384616,1.35685302215,,1.0459495351925632,1.0656042496679947,37.0758333333,1.0687915006640107,1.4636888011001072
2016-09-13,38.62,0.960214914552,0,0,0,0,0.1896,0.0816484848485,-0.0319312030075,-0.00125766885553,-0.00947886779184,0.0146628003963,1.02523261525,1.01965650618,1.02625766056,1.0162589592,0.443257631579,0.302348461539,1.28360530063,,1.0367685137234595,1.0613671672708442,37.0835,1.0435007767995856,1.4648294182384718
2016-09-14,39.99,0.927614403601,0,0,0,0,0.135,0.115527272727,-0.0276244360902,-0.0024248358349,-0.00879198898265,0.0144723240837,1.05810446103,1.05412992764,1.06090451461,1.05211231477,0.708835789474,0.41045923077,1.26237411392,,1.0290072518129532,1.0080020005001251,37.0953,0.9967491872968242,1.4851101257856407
2016-09-15,40.31,0.920569751096,0,0,0,0,0.1478,0.151496969697,-0.020904887218,-0.00316027204503,-0.00807180028129,0.0142830265587,1.06292931823,1.06063596058,1.06742223885,1.06023494291,1.02406605263,0.546194615385,1.23359871835,,1.0148846440089307,,37.1081666667,1.0027288514016373,1.5160188522007338
2016-09-16,40.71,0.911873413576,0,0,0,0,0.2452,0.186927272727,-0.0116687969925,-0.00340023452158,-0.0073165201594,0.0140955133745,1.06926168151,1.06893880713,1.07578880609,1.07038624353,1.40702210526,0.722020256411,1.19911493671,,0.9896831245394252,,37.1223666667,0.9727339719970524,1.559169559747902
2016-09-19,40.24,0.923638999337,0,0,0,0,0.3974,0.252472727273,0.0257898496241,-0.00199915572233,-0.00486042252696,0.0135350730253,1.04447588024,1.05147635223,1.05862699446,1.05691697528,2.11703447368,1.15889230769,1.3206356962,,1.01565606361829,,37.1672333333,0.9786282306163022,1.6751695597478968
2016-09-20,40.3,0.922685690653,0,0,0,0,0.2624,0.25876969697,0.0401669172932,-0.000996529080676,-0.00398700334037,0.0133440905895,1.04157243839,1.0515946794,1.05891704055,1.05813680619,2.13127657895,1.26153839744,1.35954424051,,1.0248138957816377,,37.1842333333,0.9935483870967743,1.7059993356912913
2016-09-21,39.86,0.933260578692,0,0,0,0,0.064,0.254139393939,0.0544718045113,0.000212804878049,-0.00310230602438,0.0131522064155,1.02676386492,1.03905583035,1.04623541609,1.04642596376,2.07913578947,1.32055839744,1.37207873418,,1.0273457099849475,,37.1997666667,1.0323632714500752,1.7211742727982087
2016-09-22,40.42,0.92073478476,0,0,0,0,-0.0532,0.242484848485,0.0688127819549,0.00168072232645,-0.00219852320675,0.0129602573282,1.03663618994,1.0522000013,1.05960612118,1.06082626083,2.01048710526,1.4262050641,1.40956550633,,0.9975259772389906,,37.2161,1.012122711528946,1.752902499999465
2016-09-23,39.6,0.940143939394,0,0,0,0,-0.1132,0.217927272727,0.0822507518797,0.00335909943715,-0.00128696524848,0.0127670563914,1.01224406329,1.02998263855,1.03698854337,1.03915017983,1.80567263158,1.4608050641,1.39144683544,,1.0207070707070707,,37.2297,1.0174242424242423,1.7648043985843695
2016-09-26,39.38,0.946436431353,0,0,0,0,-0.144,0.0986787878788,0.11317443609,0.00982026266416,0.00146443096578,0.0121811890235,0.997050371552,1.0221204197,1.0278830907,1.03310941207,0.990108157895,1.54424865385,1.29022474684,,1.0190452006094464,,37.2706666667,1.0378364652107668,1.7825095558170725
2016-09-27,40.04,0.931236263736,0,0,0,0,-0.1116,0.0611636363636,0.120028571429,0.0123907129456,0.00237449748008,0.0119844063123,1.01029471134,1.0379241517,1.04399973926,1.05028632697,0.739290526316,1.59502666667,1.29665189873,,0.9997502497502498,,37.2867,1.0314685314685315,1.7978007507856248
2016-09-28,41.15,0.906598622924,0,0,0,0,-0.0176,0.0314666666667,0.125992857143,0.015282434334,0.00328379483122,0.0117909034227,1.03503785497,1.06453845209,1.07141578548,1.0792345696,0.793369473685,1.75054352564,1.36139289557,,0.9664641555285541,,37.3065333333,0.9951397326852978,1.8282616194963155
2016-09-29,40.91,0.912449278905,0,0,0,0,0.1034,0.00900606060606,0.130762781955,0.0184001876173,0.0041931551805,0.0116003967135,1.02621347046,1.05635530308,1.06396881695,1.07273087821,0.797689473685,1.86519871795,1.42719859177,,0.9628452701051089,,37.3283,0.9855780982644831,1.8609290841189556
2016-09-30,40.29,0.926979399355,0,0,0,0,0.184,-0.00853333333333,0.133787969925,0.0215783067542,0.00509402250352,0.0114120449651,1.00871263332,1.03882374933,1.04722452361,1.05637472593,0.735522105264,1.91166096154,1.46950783228,,0.9793993546785803,,37.348,1.0032266070985356,1.8743144496849928
2016-10-03,40.87,0.915188810048,0,0,0,0,0.086,0.00224848484849,0.131597368421,0.0309017354597,0.00773480866151,0.0108605623022,1.0150632707,1.04884965291,1.06130000811,1.07125012491,0.241539736843,2.05896179487,1.57373251582,,0.96011744555909,,37.4037666667,0.9818938096403231,1.9220996501566885
2016-10-04,41.3,0.906137207425,0,0,0,0,0.0502,0.0276303030303,0.128084586466,0.0338625938086,0.00861075363338,0.0106802200831,1.02407696695,1.05730706706,1.07202071362,1.08223371204,0.289630526316,2.13418230769,1.64316441456,,0.9685230024213076,,37.4234666667,0.9692493946731235,1.9696451218548
2016-10-05,40.95,0.914353276353,0,0,0,0,0.043,0.0536303030303,0.123261654135,0.0366965525328,0.00946878809189,0.0105014469559,1.01459329551,1.04618411052,1.06261514908,1.07307102708,0.308830526316,2.1727973718,1.68916556962,,0.9760683760683759,,37.4427666667,0.9711843711843712,1.9678757232698945
2016-10-06,40.32,0.929067460317,0,0,0,0,0.053,0.0713818181818,0.116855263158,0.0394056285178,0.010316108474,0.0103233864116,0.99946705006,1.02838123051,1.04586352804,1.05645669743,0.302108157895,2.15216403846,1.72473188291,,0.9977678571428571,,37.46,0.9769345238095238,1.9820829205969377
2016-10-07,40.42,0.927203529606,0,0,0,0,0.0622,0.0794787878788,0.109190977444,0.0419955440901,0.011153306669,0.0101462325494,1.00230614725,1.02915995646,1.04796473943,1.05895375264,0.295064210527,2.12848711539,1.76636202532,,1.0353785254824344,,37.4775666667,0.9762493814943097,1.9990288679239812
2016-10-10,40.13,0.935234654041,-3.00365574075,0,0,0,-0.1074,0.0577333333333,0.0823522556391,0.0485723499062,0.0136249326067,0.00962536759859,0.99546052142,1.01589149985,1.03913254572,1.05074361123,0.289653684211,1.8535973718,1.81219841772,,1.0964365811113879,,37.5309666667,0.9778220782457014,2.0650412578610844
2016-10-11,40.03,0.937896577567,-2.66434782609,0,0,0,-0.1316,0.0402,0.0728473684211,0.0505465290807,0.0144490037506,0.0094566192466,0.992770606252,1.0115930126,1.03562800956,1.04778918576,0.282992368422,1.72808814103,1.81421568038,,1.0906819885086185,,37.544,0.9992505620784411,2.086043459118944
2016-10-12,39.77,0.944344145503,-2.20243217961,0,0,0,-0.1278,0.0142727272727,0.0633139097744,0.0524006566604,0.0152678138186,0.00928936756563,0.98711807193,1.00327318824,1.02808026626,1.04074699832,0.297377894737,1.55601275641,1.80587943038,,1.0812169977369877,,37.5565666667,1.005028916268544,2.1011919457541626
2016-10-13,39.39,0.953796225776,-1.49083605323,0,0,0,-0.1304,-0.0154787878788,0.0537240601504,0.0540472091932,0.0160721255274,0.00912309233271,0.977941085194,0.992197683865,1.01770125856,1.03068809027,0.314813421053,1.3765973718,1.79949112342,,1.08022340695608,,37.5700333333,1.0213252094440213,2.108333549527747
2016-10-14,39.46,0.952451427606,-0.975984872361,0,0,0,-0.1508,-0.0448181818182,0.0443383458647,0.0554704971857,0.0168619813643,0.00895794141129,0.979849273059,0.992429767863,1.01895696353,1.0323930995,0.325792368422,1.18871692308,1.79543466772,,1.0638621388748097,,37.5837333333,1.060567663456665,2.1164983490560476
2016-10-17,39.24,0.95876656473,-0.0751173708921,0,0,0,-0.134,-0.0980242424242,0.0189496240601,0.0583846622889,0.0191058383146,0.00847089983373,0.975427868302,0.982713606852,1.01141189131,1.02656840928,0.380781842106,0.636910192308,1.74816955696,,1.064729867482161,,37.622,1.1213047910295617,2.1194726375780597
2016-10-18,40.0,0.9408175,-0.295397066262,0,0,0,-0.0684,-0.10576969697,0.0112022556391,0.058935717636,0.019802600504,0.00831260886045,0.995743197829,1.00090081073,1.03014129032,1.04637740871,0.335356842106,0.593840000001,1.74105935127,,1.042,,37.6327,1.0915,2.127906147798185
2016-10-19,39.97,0.941770494538,-0.479233629546,0,0,0,0.0024,-0.108690909091,0.00386616541353,0.0593015478424,0.0204717900258,0.00815821040373,0.996161898116,0.99938741577,1.02852106673,1.04557211197,0.306414736843,0.555097179488,1.73097327532,,1.03652739554666,,37.6425666667,1.075806855141356,2.130445770439694
2016-10-20,40.23,0.935950782998,0,0,0,0,0.0768,-0.101636363636,-0.00268646616541,0.0595045731707,0.0211186357243,0.0080081752461,1.00271678174,1.00495859511,1.03427996645,1.05225472647,0.30554631579,0.515402820513,1.72749099684,,1.027094208302262,,37.6533,1.0576684066616953,2.1448096501566747
2016-10-21,41.85,0.900105933891,0,0,0,0,0.1968,-0.0762060606061,-0.00717819548872,0.0597277908068,0.0217603404829,0.00786494354638,1.0410706734,1.0434067167,1.07427515306,1.09421419537,0.454977894737,0.551927179488,1.79157240506,,0.9629629629629629,,37.6694333333,1.00310633213859,2.2161608647793134
2016-10-24,44.0,0.857416666667,0,0,0,0,0.5244,0.0750545454545,-0.00442744360902,0.0607484052533,0.0236663604665,0.00747151472592,1.08746694348,1.08924371828,1.12343054837,1.14860763955,1.34211473684,0.799420512821,2.12746525316,,0.9436363636363637,,37.7263333333,0.9495454545454546,2.561074150942825
2016-10-25,43.66,0.864596885021,0,0,0,0,0.5944,0.141290909091,0.00140676691729,0.0613045731707,0.0243225254923,0.00735662858535,1.07546217038,1.07859061853,1.11257991253,1.13889957676,1.84881342105,1.06538044872,2.34418656646,,0.9486944571690336,,37.7483,0.9546495648190564,2.7356955345906186
2016-10-26,43.0,0.878386821705,0,0,0,0,0.5676,0.206206060606,0.00849323308271,0.0619100140713,0.0249843002813,0.00724916244287,1.05571991505,1.06078547464,1.09386228783,1.12091732746,2.12993131579,1.22364,2.48199740506,,0.944186046511628,,37.7706333333,0.9634883720930233,2.870442574684954
2016-10-27,42.55,0.888166079123,0,0,0,0,0.464,0.261078787879,0.0162872180451,0.0624661116323,0.0256568023324,0.00714843283063,1.04194725372,1.04849440639,1.08091630202,1.10832726912,2.28715894737,1.32469846154,2.59596449367,,0.9847238542890717,,37.7914666667,0.9710928319623973,2.977838203615766
2016-10-28,41.98,0.900676512625,0,0,0,0,0.2534,0.298278787879,0.0241996240602,0.0629393058161,0.0263322272035,0.0070535711539,1.02602957351,1.03364008495,1.06510039231,1.09273473266,2.3403631579,1.3733573718,2.65752074367,,0.9711767508337305,,37.8104,0.9599809433063363,3.05587860062834
2016-10-31,41.78,0.906530237753,0,0,0,0,-0.2656,0.283509090909,0.0495654135338,0.0638233348968,0.0283599214721,0.00680448882281,1.01474267117,1.0253452687,1.05626414188,1.0854115351,2.34251684211,1.4650050641,2.81581240506,,0.9669698420296792,,37.8748333333,0.993776926759215,3.274980153301283
2016-11-01,41.68,0.909343410109,0,0,0,0,-0.2896,0.238593939394,0.0577988721805,0.0638789165103,0.0290135636428,0.00673019215839,1.00997128561,1.02210097171,1.05261164111,1.0823197946,2.242845,1.48354967949,2.85127031646,,0.9366602687140115,,37.9014333333,0.9937619961612284,3.337680487420777
2016-11-02,41.43,0.915496821949,0,0,0,0,-0.2146,0.179242424242,0.0658507518797,0.0637833489681,0.0296476119316,0.00666058134595,1.00143822289,1.01483177994,1.04526517959,1.07535324368,2.04754184211,1.45665102564,2.87097643987,,0.9425537050446535,,37.9290333333,0.979966208061791,3.390767531445931
2016-11-03,41.32,0.91856808648,0,0,0,1,-0.1604,0.110484848485,0.0734785714286,0.0635000469043,0.0302682548054,0.00659549497173,0.996539124772,1.01107236802,1.04158001538,1.07192077333,1.84646605263,1.42260384615,2.89073898734,,0.94675701839303,,37.9552333333,1.0140367860600192,3.4376547012572485
2016-11-04,40.3,0.942382961125,0,0,0,1,-0.1746,0.035096969697,0.0798033834586,0.0629469981238,0.0308629922644,0.00653343590692,0.970955656479,0.985691573927,1.01526039666,1.04507027644,1.70459447368,1.38935384615,2.87475132911,,0.9945409429280397,,37.9780333333,1.01166253101737,3.4548739622635356
2016-11-07,41.52,0.916482016699,0,0,0,0,-0.2352,-0.147575757576,0.0896879699248,0.0599091697936,0.0325015002344,0.00636348194143,0.996244886207,1.01456977916,1.04349137335,1.0752855256,1.21716078947,1.33751634615,2.82729341772,,0.966281310211946,,38.0523333333,0.9730250481695567,3.5390299371062937
2016-11-08,41.42,0.919349750523,0,0,0,0,-0.1326,-0.172690909091,0.0891563909774,0.0586485225141,0.0330167794773,0.00631142952361,0.992119571726,1.01181097554,1.03986744326,1.0720692885,1.06182,1.34365923077,2.81948202532,,0.9896185417672622,,38.0794666667,0.9425398358281023,3.584017291666038
2016-11-09,40.6,0.938611658456,-0.4580078125,0,0,0,-0.0318,-0.18043030303,0.0863981203008,0.0572200515947,0.0335010812236,0.00626031436775,0.9720476447,0.991592226015,1.01845638636,1.05047486445,1.00950394737,1.33578403846,2.78433360759,,0.9928571428571429,,38.1076333333,0.961822660098522,3.6078087696534573
2016-11-10,41.9,0.910307875895,0,0,0,0,0.0916,-0.170951515152,0.0824312030075,0.0557605065666,0.0339683148734,0.00621201520933,1.00311228154,1.02233771304,1.04976026507,1.08350451649,1.0100631579,1.34656897436,2.78694049051,,,,38.1419,0.9336515513126491,3.6735270086471643
2016-11-11,40.77,0.936286485161,-0.85566822515,0,0,0,0.1368,-0.15076969697,0.0765620300752,0.0541229362101,0.0344042325949,0.00616484988427,0.977322849746,0.994475138122,1.02069811545,1.05388664321,1.05928842105,1.33523358974,2.76709563291,,,,38.1724,0.9830757910228107,3.7006929402509354
2016-11-14,40.4,0.947001650165,0.505193288673,0,0,0,-0.0732,-0.0685393939394,0.0463481203008,0.0486530487805,0.0355136412916,0.00603101534118,0.977320834593,0.986159591867,1.00862259976,1.0431493298,0.619430263159,1.34326769231,2.57874416139,,,,38.2588666667,0.9930693069306931,3.7688892924521866
2016-11-15,39.04,0.980641222678,1.56839358927,1,1,0,-0.1954,-0.0600484848485,0.0325533834586,0.0465326219512,0.0358046589311,0.00598670300232,0.948966321905,0.953707096617,0.97426763037,1.00778783278,0.710510263159,1.4266974359,2.52250631329,,,,38.2842333333,1.0499487704918034,3.7603688325465248
2016-11-16,39.05,0.981025181391,2.61559713676,0,0,0,-0.2784,-0.0639090909091,0.0173251879699,0.0442223499062,0.0360514328411,0.00594197911784,0.953264411869,0.954750218517,0.97411303952,1.00779069955,0.803352368422,1.50980198718,2.46545310127,,,,38.3090333333,1.0322663252240718,3.750924764150297
2016-11-17,39.12,0.979906271302,3.58682824694,0,0,0,-0.3488,-0.0756727272727,0.0010939849624,0.0417583020638,0.0362621351969,0.0058969265462,0.958318533126,0.95722229359,0.97539994951,1.0092244586,0.906613421053,1.58410198718,2.39923530063,,,,38.3339333333,,3.728448738206899
2016-11-18,40.08,0.957136560213,0,0,0,0,-0.3442,-0.0878727272727,-0.0151221804511,0.0392812148218,0.036447560654,0.00585291057512,0.984125814887,0.980916427536,0.998458592181,1.03344914943,0.855413421053,1.59480762821,2.29541289557,,,,38.3620333333,,3.715465345911298
2016-11-21,40.12,0.958272681954,0,0,0,0,0.0584,-0.119915151515,-0.059222556391,0.0320176594747,0.0368582761955,0.00573959627329,0.991388363789,0.981685160943,0.996661853525,1.0327197377,0.659739736843,1.57818230769,1.92918441456,,,,38.4459,,3.6501119339616017
2016-11-22,40.99,0.938667967797,0,0,0,0,0.1886,-0.118624242424,-0.0702496240602,0.0297834896811,0.0369515500469,0.00571286787326,1.01343750386,1.001992251,1.0170174889,1.05446447951,0.624887105264,1.52086948718,1.80028783228,,,,38.476,,3.6604291470119126
2016-11-23,40.31,0.95505499049,0,0,0,0,0.2272,-0.11203030303,-0.0791402255639,0.027635858349,0.0370205432489,0.00569156098017,0.997871076344,0.984858202163,0.999123195657,1.03635668307,0.583025263158,1.47579224359,1.66120745253,,,,38.4982666667,,3.6409652672949275
